date,"v2 equal (9 ETF, all signals)",v2 top-3 (9 ETF),v2 top-5 (9 ETF),v2 top-7 (9 ETF),"v3 equal (17 ETF, all signals)",v3 top-3 (17 ETF),v3 top-5 (17 ETF),v3 top-7 (17 ETF)
2017-11-17,0.009053186530723597,0.009145414818118232,0.004162297897506835,0.004162297897506835,,,,
2017-11-24,0.016835931387220462,0.023786061009103764,0.023119394342437094,0.023119394342437094,,,,
2017-12-01,0.0010722525831368141,-0.0007652758590844045,-0.0018132394165352155,0.0014293954402796712,,,,
2017-12-08,0.005452708120501488,0.009184898277960965,0.007626905825396057,0.00754102182429464,,,,
2017-12-15,-0.0030809456497012467,-0.00266427898303458,-0.001831604932402441,-0.0016649382657357745,,,,
2017-12-22,0.009566389340356892,0.011185237716011284,0.006226198787841931,0.006194569360871706,,,,
2017-12-29,-0.008630959824484698,-0.008422626491151365,-0.008755959824484698,-0.00889881696734184,,,,
2018-01-05,-0.001543253046056384,0.004179420667725235,0.010679531212173217,0.010679531212173217,,,,
2018-01-12,0.013615756840163923,0.018782007091878404,0.013485434326802952,0.013972899697306779,,,,
2018-01-19,0.005588284979375403,0.004465105494320574,0.01063234068388198,0.009165140407550598,,,,
2018-01-26,-0.014688354377994293,-0.014063354377994292,-0.020291116349607174,-0.020862544921035744,,,,
2018-02-02,-0.05919964160372873,-0.06240192003166785,-0.059014156061346815,-0.058399247541435786,,,,
2018-02-09,0.04336179666137222,0.04744986408740627,0.04592626128344345,0.04774753645381094,,,,
2018-02-16,0.017038330892510944,0.01787166422584428,0.01576492407465964,0.018711964034268447,,,,
2018-02-23,-0.00125,-0.00125,-0.00125,-0.0012499999999999998,,,,
2018-03-02,0.03221267433041894,0.033673048549696855,0.033673048549696855,0.033673048549696855,,,,
2018-03-09,-0.00125,-0.00125,-0.00125,-0.00125,,,,
2018-03-16,-0.06572630662327872,-0.06615477274322515,-0.06200131517378841,-0.06572630662327872,,,,
2018-03-23,-0.0033363056047732756,-0.005604405640184032,-0.005118979021626158,-0.004429806550834524,,,,
2018-04-06,0.023968487891501737,0.013293229877279324,0.026084789201597073,0.02557693363054075,,,,
2018-04-13,0.007819976176998629,0.011235069863450667,0.00843108728810974,0.00744638105634336,,,,
2018-04-20,0.005094175588161278,0.0012335095028205676,0.001400176169487234,0.0011144618837729487,,,,
2018-04-27,-0.0020596859296266026,-0.002796512286162695,-0.002796512286162695,-0.002796512286162695,,,,
2018-05-04,0.02232274100569315,0.029831824163761917,0.027479453644338903,0.027479453644338903,,,,
2018-05-11,-0.008588213227223546,-0.007754879893890213,-0.008933519969455489,-0.008933519969455489,,,,
2018-05-18,0.006005137242627596,0.006005137242627596,0.005380137242627596,0.005380137242627596,,,,
2018-05-25,0.025319488255136007,0.013482106105404085,0.01633245518697833,0.01633245518697833,,,,
2018-06-01,0.013742611847826611,0.016377819575592943,0.01632932462128857,0.014255320110501226,,,,
2018-06-08,0.002411175956887222,0.001404753887931691,0.002198001203133805,0.003393431753405087,,,,
2018-06-15,-0.011600907165681637,-0.012315476286369474,-0.011267573832348304,-0.011839002403776876,,,,
2018-06-22,-0.0228080784225672,-0.018430106812365028,-0.01801344014569836,-0.01801344014569836,,,,
2018-06-29,0.025284306509510086,0.025076558942699015,0.024457135308094603,0.024167462549514317,,,,
2018-07-06,0.018591138691374617,0.020270661610352736,0.01815254606389244,0.018422542024528303,,,,
2018-07-13,0.005574066501132366,0.003136011382211479,0.005490733167799033,0.005276447453513319,,,,
2018-07-20,0.0022998598032774055,0.002133193136610739,0.0022998598032774055,0.0022998598032774055,,,,
2018-07-27,-0.0014154163580654864,0.003835171017891381,-0.0027477790238154987,0.00015941906458263682,,,,
2018-08-03,-0.00421877176102994,-0.0019645208227486895,-0.004302105094363273,-0.001365629874135251,,,,
2018-08-10,0.008225773609382592,0.00872221816416513,0.008225773609382592,0.0075114878950968775,,,,
2018-08-17,0.005528768004072278,0.0056954346707389445,0.009230304823122582,0.009230304823122582,,,,
2018-08-24,-0.00125,0.00552166899497821,0.004855002328311543,0.004855002328311543,,,,
2018-08-31,-0.012697536140484309,-0.014175841350534103,-0.011183611658445447,-0.013233250426198596,,,,
2018-09-07,0.013371719209802487,0.01212033904559832,0.012086653689580264,0.013371719209802487,,,,
2018-09-14,0.008387223280436588,0.013540051263909872,0.012873384597243206,0.01258767031152892,,,,
2018-09-21,-0.00125,-0.00125,-0.00125,-0.00125,,,,
2018-09-28,0.0,0.0,0.0,0.0,,,,
2018-10-05,-0.055163761853186305,-0.04375558985692147,-0.041791680317755986,-0.041791680317755986,,,,
2018-10-12,-0.007666923318320836,-0.0014099511814179002,-0.006740070176620917,-0.006492304414782616,,,,
2018-10-19,-0.042868014665625856,-0.035639660761802174,-0.03851920377340926,-0.04153553637271183,,,,
2018-10-26,0.02530277757973219,0.018039893759732417,0.021239049400048452,0.02780433150038209,,,,
2018-11-02,0.01991537283433263,0.02231872808700382,0.01970094878824731,0.018713372829068733,,,,
2018-11-09,-0.019358346182337942,-0.01669208731194721,-0.019608346182337942,-0.017845233651329156,,,,
2018-11-16,-0.026843314494273393,-0.0276445374414397,-0.02688581586529157,-0.02469448229711469,,,,
2018-11-23,0.05122303338686607,0.04857525030757084,0.04766567395031913,0.05233522199141247,,,,
2018-11-30,-0.048785560899884305,-0.04132497088983701,-0.047108233866977524,-0.051003507401932185,,,,
2018-12-07,-0.014844373834686975,-0.014586214564404358,-0.016053029698398936,-0.014604454206279014,,,,
2018-12-14,-0.07300459357104572,-0.07538502878766956,-0.07759979690434886,-0.0739609164170094,,,,
2018-12-21,0.04206159610626415,0.043108454026448716,0.03791572362611804,0.041699415825999446,,,,
2018-12-28,0.031268673502231614,0.026301421874957303,0.027912603429156205,0.026276552765836708,,,,
2019-01-04,0.02748306227095841,0.026894704520117087,0.026150578341827782,0.02995624557603968,,,,
2019-01-11,0.03177402120949,0.028462031268793674,0.03565879893293762,0.032732699570872055,,,,
2019-01-18,-0.011009262781058824,-0.01488278107137647,-0.01377078218550477,-0.010453707225503268,,,,
2019-01-25,0.015124407989737569,0.009338859779732497,0.014617719998276024,0.01359477990896227,,,,
2019-02-01,-0.005297541481893998,0.0030001548162932887,-0.0005969181540661716,-0.006088927681519204,,,,
2019-02-08,0.029968722306643783,0.025850874721522844,0.028652723877164187,0.030751706235150278,,,,
2019-02-15,0.008061090398317268,0.008533716628519464,0.009262730848546345,0.008259503096729966,,,,
2019-02-22,0.004872558664833472,0.00474096507799171,0.005190785853533509,0.005581506686131895,,,,
2019-03-01,-0.028747471575798912,-0.028018304909132243,-0.030344683969911457,-0.028197457469631048,,,,
2019-03-08,0.027121532825451627,0.028440669965732378,0.030586821630655618,0.02686501893091705,,,,
2019-03-15,-0.0032290115771698557,-0.0072388759691567875,-0.007582049266268975,-0.003387741735900014,,,,
2019-03-22,0.013513390913900612,0.017322995620091118,0.015701089555058424,0.013513390913900612,,,,
2019-03-29,0.020226101931015168,0.02680600184262749,0.020940387645300883,0.022152484042414607,,,,
2019-04-05,-0.007663908922725446,-0.0049893921685022465,-0.0049893921685022465,-0.0049893921685022465,,,,
2019-04-12,-0.005968723525442503,-0.0034038960750040186,-0.0034038960750040186,-0.0034038960750040186,,,,
2019-04-26,-0.004325845465445952,-0.004325845465445952,-0.003266180290333401,-0.003266180290333401,,,,
2019-05-03,-0.01825152726664092,-0.012844932794078888,-0.018634708230482702,-0.01984509207085613,,,,
2019-05-10,-0.012344028413637607,-0.010171095410086168,-0.008639765567278135,-0.008607302121639824,,,,
2019-05-17,-0.014097189172292883,-0.010744365728771816,-0.011874611230339093,-0.01587530560510158,,,,
2019-05-24,-0.03111428147348927,-0.03547084726580967,-0.03462860412342574,-0.03198219713224054,,,,
2019-05-31,0.04600300270943685,0.044855673177391676,0.04360034346278837,0.046964611624253305,,,,
2019-06-07,0.004469513183917368,0.01128153442954886,0.006335054933341244,0.005181409263866906,,,,
2019-06-14,0.026790254466692465,0.023076324319876367,0.021210841705551688,0.026988667165105163,,,,
2019-06-21,-0.001957657068357537,-0.006032056027854966,0.0005551646002988301,-0.0009277049304985886,,,,
2019-06-28,0.008929401283040858,0.012418316004525105,0.006415390844516068,0.0065699334449213975,,,,
2019-07-05,0.010502250408637281,0.011873165148708509,0.00659991834485487,0.01056481843625458,,,,
2019-07-12,-0.01244239708159321,-0.011484151835261023,-0.013361079566288438,-0.012546462824175684,,,,
2019-07-19,0.012385503162560714,0.01256837689215945,0.017118991661541273,0.01579010654709402,,,,
2019-07-26,-0.0364795541276723,-0.032560478693824835,-0.03446276332697532,-0.03668396753327647,,,,
2019-08-02,-0.006741505836538807,-0.00472120113865108,-0.004927777091051744,-0.008463145583965017,,,,
2019-08-09,-0.014783650453429996,-0.009553489214538986,-0.008627095600321943,-0.011539337053848272,,,,
2019-08-16,-0.013685399416316834,-0.01537351482922124,-0.016077327029578148,-0.012412735221757263,,,,
2019-08-23,0.028828133513620534,0.026000430376980077,0.026464546858584716,0.027850530385332268,,,,
2019-08-30,0.023145424858050365,0.01822840990173008,0.01685039547846906,0.019110100446325107,,,,
2019-09-06,0.014987350620630984,0.005711424074934801,0.0057826381579680584,0.01271302095782407,,,,
2019-09-13,-0.0012500000000000002,-0.00125,-0.00125,-0.0012499999999999998,,,,
2019-09-20,-0.006045805304300053,-0.006045805304300053,-0.004935895486305713,-0.004935895486305713,,,,
2019-09-27,-0.009538538108564231,-0.013129100471078495,-0.014520521199151714,-0.01401346338634274,,,,
2019-10-04,0.0090823269405398,0.009856084793274248,0.009002675454588029,0.007869563259221588,,,,
2019-10-11,0.0004902587579310017,0.00036766220583626615,0.001601369869042113,0.0011455026355741463,,,,
2019-10-18,0.041661574130457346,0.041994907463790684,0.041661574130457346,0.04151871698760021,,,,
2019-10-25,-0.00125,-0.00125,-0.00125,-0.00125,,,,
2019-11-01,0.0,0.009368543929320157,0.009368543929320157,0.009368543929320157,,,,
2019-11-08,0.007098781262293547,0.003048095786198108,0.003048095786198108,0.003048095786198108,,,,
2019-11-15,-0.006468662084498511,-0.005715283999440025,-0.004057829042701531,-0.005614026125022556,,,,
2019-11-22,-0.004637169957941088,-0.004561808513726634,-0.004699669957941088,-0.0016601636416376559,,,,
2019-11-29,0.0012397990151920785,0.0034053232790159,0.0012397990151920785,0.0003365263502373743,,,,
2019-12-06,0.009603356678760697,0.0050673210268284245,0.009119506050722072,0.009960499535903554,,,,
2019-12-13,0.012036886981052744,0.01263212507629084,0.015085479727445106,0.012958456150106627,,,,
2019-12-20,-0.00125,0.0020348945014573875,0.002534894501457387,0.002451561168124054,,,,
2019-12-27,-0.006591012561607739,-0.0006006309729111293,-0.00042298836623596344,0.00038287136257520024,,,,
2020-01-03,0.00420518825223243,0.004497776283655647,0.005497776283655647,0.00521206199794136,,,,
2020-01-10,-0.00125,-0.00125,-0.00125,-0.00125,,,,
2020-01-17,-0.035566269879713244,-0.042318543186382236,-0.03601290428170228,-0.035566269879713244,,,,
2020-01-24,-0.025183818091151822,-0.022726223594603443,-0.019976898233139494,-0.023956804675478224,,,,
2020-01-31,0.032470307045327676,0.023733431562422157,0.026411742367452966,0.031448283519160125,,,,
2020-02-07,0.01558678834541354,0.012958591923406313,0.016076248040327347,0.016480124771725873,,,,
2020-02-14,-0.052300747720142864,-0.05715295384186754,-0.05218963660903175,-0.05141325834315614,,,,
2020-02-21,-0.12241081874836668,-0.10973356494716634,-0.11283428097070289,-0.11796441401247187,,,,
2020-02-28,-0.00358725839474821,-0.00892517959649569,-0.004208676837441793,0.005227166689137086,,,,
2020-03-06,-0.10806554911392223,-0.10088922915454696,-0.09626951905727679,-0.08589123519312052,,,,
2020-03-13,-0.15658554305857086,-0.17261992735771178,-0.15390219043229683,-0.16213850388566295,,,,
2020-03-20,0.11399562846728128,0.10678629537850767,0.10970593652870886,0.11759619394053311,,,,
2020-03-27,-0.018706208219618475,-0.019210145544604873,-0.011554705004051903,-0.022656562303956223,,,,
2020-04-03,0.05987959827914752,0.10960572581512498,0.11343847059398245,0.1122826804835753,,,,
2020-04-17,-0.01062482601321028,-0.011756001464811093,-0.011086718107227986,-0.008206553548054845,,,,
2020-04-24,0.0035503743359357573,-0.0035309559113648184,-0.007042185488814112,-0.0029706802591246534,,,,
2020-05-01,0.03894191268942082,0.03927156092224249,0.03573819213801288,0.028586675607412102,,,,
2020-05-08,-0.028669781127639824,-0.006825030075045552,-0.021519822099441355,-0.021365973627662318,,,,
2020-05-15,0.03917471118405339,0.04753257698053441,0.041880803418373205,0.04524397329833467,,,,
2020-05-22,0.037373268145523275,0.04157351200347825,0.0473465272408257,0.042148791583428075,,,,
2020-05-29,0.04125226647832511,0.11436233059390837,0.07664466057268124,0.042989755229159723,,,,
2020-06-05,0.012073974158688107,0.03376656790498857,-0.012531554900107867,-0.028483047824033502,,,,
2020-06-12,0.006582422820111957,0.01177847529034067,0.0022576632264046615,0.00018062026842777674,,,,
2020-06-19,-0.02048306960247819,-0.028019321423991918,-0.015601828539859617,-0.011968912162638044,,,,
2020-06-26,0.038887417784088156,0.04301914262788613,0.047644377178747484,0.04911906648047,,,,
2020-07-10,0.028563314902204068,0.03647080864332732,0.03687047722114215,0.029118870457759623,,,,
2020-07-17,-0.0007448864029452326,0.008508387112646398,0.001106942484369178,-0.00023544324355377497,,,,
2020-07-24,0.007780458103160488,-0.0010702563139785186,0.012816223210160928,0.009520184225561926,,,,
2020-07-31,0.02898705554443719,0.025535372128343614,0.030542816661409913,0.029105526102937075,,,,
2020-08-07,0.014305399699668287,0.014005858151017236,0.012684328144114144,0.01495010675809362,,,,
2020-08-14,-0.0008107792122250919,-0.024267311340787093,-0.013422419165279687,-0.001556713885540502,,,,
2020-08-21,0.022667709606291605,0.021039393165460572,0.012996502693385575,0.012567931264814146,,,,
2020-08-28,0.0037294255874651284,0.00010316648703479142,0.004104425587465129,0.004104425587465129,,,,
2020-09-04,-0.0037848133762433296,-0.009762576358232909,-0.003161685713050056,-0.00531517664879884,,,,
2020-09-11,0.004487927377104699,0.012420673021362941,0.004960401350266021,0.0036896988193467293,,,,
2020-09-18,-0.011375053589172561,-0.017647251112489656,-0.01574884303808921,-0.013405015441952477,,,,
2020-09-25,0.012200838346864607,0.00016274873544453112,0.012539222489391558,0.012986301627345837,,,,
2020-10-02,0.03031239205228525,0.039750281069305914,0.039632947115816726,0.0393598548400848,,,,
2020-10-09,-0.009825529019346803,-0.011860863617370522,-0.007694823417572848,-0.006674009047993525,,,,
2020-10-16,0.001963536501187483,0.008618896648668495,0.0031164658999302997,0.0046292226477910306,,,,
2020-10-23,-0.029202412055319767,-0.022610155621433217,-0.03570448613519472,-0.041728400700529515,,,,
2020-10-30,0.0665491956241058,0.04855288222560581,0.06178299620703062,0.06453083709450838,,,,
2020-11-06,0.042454260690028806,0.09788612420681612,0.07000303924177856,0.05610072606300727,,,,
2020-11-13,0.0008679153712343336,0.01937492030859495,0.007989545290587752,0.0048252374994288685,,,,
2020-11-20,0.020152797115959357,0.021172495179548334,0.02063715252427191,0.021131539720990727,,,,
2020-11-27,0.022828428683470757,0.021530495138380994,0.020668493892628426,0.02045420817834271,,,,
2020-12-04,-0.009309593404545527,-0.00975084043100264,-0.009637169881598164,-0.007883001822290101,,,,
2020-12-11,-0.00018189167316362293,-9.736067555830234e-05,0.0003181083268363771,0.004009813776909915,,,,
2020-12-18,-0.010439098578420585,-0.01027243191175392,-0.009107826555725812,-0.00953639798429724,0.004767492572846474,0.0071940956421036135,0.009164703757854406,0.0036935567890522764
2021-01-08,-0.011341493846878003,-0.010138453401007365,-0.011341493846878003,-0.005114583706029794,-0.015395606194835315,-0.018283366930734637,-0.015006717305946427,-0.014275686778628671
2021-01-15,0.04866942860281104,0.04183688497635746,0.028750271739947632,0.019414619577383503,0.011393118635939826,0.025900942116105292,0.013743445060275795,0.008597409284986328
2021-01-22,0.02999496022254779,0.02999496022254779,-0.00011686157491239482,0.00021647175842093823,-0.03291466021836419,-0.02793192037977852,-0.031125313898724485,-0.033825853784283745
2021-01-29,0.055678219892135596,0.04302461192954367,0.05569738802217212,0.0488761581777574,0.0394585628735723,0.037488127381780555,0.0397085628735723,0.03671399606131842
2021-02-05,0.021136006477334934,0.02434424176002805,0.021469339810668266,0.02125505409638255,0.005098697578735726,0.011437153249964305,0.01148238021374546,0.008125581242564192
2021-02-12,0.02617960534005598,0.015652773181405292,0.015652773181405292,0.015652773181405292,-0.017461424968716627,-0.008281035088022635,-0.020791552382563073,-0.01531287625608266
2021-02-19,0.02322549694477047,0.029805614409863658,0.029805614409863658,0.029805614409863658,-0.02573575402683045,-0.020131795147824757,-0.0275631216469761,-0.027553716972927144
2021-02-26,-0.011565287806514123,-0.009865998938648458,-0.011565287806514123,-0.006935883004349587,-0.0036204590462218236,0.014156671370217384,0.006737248921401141,0.004133436043130934
2021-03-05,0.031107981752603472,0.029370793847770138,0.024233896272719137,0.031465124609746334,0.03176765215030243,0.03618295544262001,0.030443318477095742,0.03183879240193533
2021-03-12,-0.008929347460781655,-0.010670980951483092,-0.005966096426818567,-0.015746296194532976,-0.0027592250022219055,0.002349804413931826,-0.003021892519479607,-0.0021425015400424654
2021-03-19,0.026473608773732674,0.019299146207852468,0.019299146207852468,0.02001343192213818,0.012122604391314379,-0.007576969689376303,0.004281118132399464,0.00980459162391698
2021-03-26,-0.026175051006078864,0.010944868662759658,0.012962631787593307,0.012962631787593307,0.02960807198436242,0.04277678019233507,0.03497202877507932,0.029518786270076706
2021-04-09,0.01286378309110542,0.01522093860047724,0.013725440705894765,0.013725440705894765,0.01839608751927252,0.023307002416963225,0.023292883698386925,0.02048581048315592
2021-04-16,-0.00125,-0.005139008280035957,-0.00547234161336929,-0.00547234161336929,-4.352716676597366e-05,0.0006856394999006931,0.0006773935145529832,0.0007488220859815547
2021-04-23,0.004418394648421906,-0.0005611068656841487,0.0027624079976547936,0.0038148143976449583,-0.00499686894998972,-0.0032489253264624254,-0.006733419642253279,-0.00376253675658254
2021-04-30,0.01695813207027408,0.006806679279815209,0.019300363734044534,0.01722598921313122,0.008212210341090972,0.001182102356866906,0.002772781101064216,0.008833807501248712
2021-05-07,-0.017819238661112943,-0.029680232669369918,-0.018829658940093242,-0.017819238661112943,-0.010492253904241805,-0.024866744532150483,-0.014549293344351564,-0.01249902651263989
2021-05-14,-0.010476319638346247,-0.003812310409950002,-0.009344201963444442,-0.010812088278245527,-0.009574971194213673,-0.00791868285208143,-0.009844201963444443,-0.008938782603101228
2021-05-21,0.008708879926021602,0.014659188570848247,0.013723034809818194,0.008708879926021602,0.00458152732496961,0.00234506511941531,0.0060472909415898,0.0046656159781525795
2021-05-28,0.007514590996434218,0.00013103001690491873,0.010125428281716444,0.010319217648438215,0.005060515265387193,0.0014121354428753667,0.000782364170767248,0.007241250167948632
2021-06-04,0.0013355797625073977,-0.005328433631644203,-0.0007653429201775037,0.0020208509801101547,0.005083160595715696,0.002620549567757369,-0.004780541228027424,-0.005135117762442804
2021-06-11,-0.023789796393927035,-0.050784330922274204,-0.03298367169804245,-0.028717493701126893,-0.026833187628739603,-0.016228438139577084,-0.02572618028242272,-0.023637616340493574
2021-06-18,0.03476572326875776,0.03839077635323457,0.041590063621903164,0.038087909427934684,0.02967291418525332,0.017556943820484765,0.02126222729311833,0.0210217937909863
2021-06-25,0.003790467607020194,0.0065289988189029344,0.0049015787181313055,0.0067342862945395324,0.011642301216068152,0.011509002382307065,0.01221257187890016,0.009274572955486036
2021-07-02,-0.016050405574995097,-0.009360520329883085,-0.006072433304672109,-0.006405766638005442,0.0014468210895206312,0.006170267574299078,0.005409921690467879,0.005425182915201444
2021-07-09,-0.02406712850176229,-0.03336420199419232,-0.025461045284356342,-0.023778882303307006,-0.008770997969180535,-0.019662559085022197,-0.01674005953885427,-0.01087586866244315
2021-07-16,0.0166953741300912,0.02387618560582207,0.01637753754785547,0.01662012240947962,0.019736059387182207,0.01596015399369616,0.010127918580579922,0.014035021730757026
2021-07-23,-0.003916485678464586,-0.009535071990401451,-0.00829257283247643,-0.005897149064843144,-0.003981904314629792,0.0026978106421594048,-0.0014749668768926352,-0.002553332886058364
2021-07-30,0.011329243373524304,0.007863239141338,0.007764353047048679,0.011284600516381447,0.01071146762689879,0.007169661391494017,0.006724599935539378,0.007523927268281573
2021-08-06,0.0044253960915336486,0.004328665222690209,0.004639681805819362,0.005771130768952485,0.007965935027397182,0.009847491531658833,0.0075871987376813915,0.008429253295501617
2021-08-13,-0.016888315560433576,-0.018793754822225003,-0.02809631420284585,-0.017190864208787546,-0.010890119438553999,-0.026884164560020015,-0.019187242824156736,-0.01771965897645105
2021-08-20,0.025964402372245343,0.03159226655241787,0.03115848828639426,0.02720027947248379,0.02006899813863028,0.03593190387608691,0.02954140401768362,0.027021211379486224
2021-08-27,-0.004159294384682075,-0.002973476616902393,-0.007682384273115218,-0.0020667026556072266,0.0031938438227697755,-0.001240535326068454,-0.006642619498614855,-0.001824495049106683
2021-09-03,-0.00831519638440869,-0.0022122807403708858,-0.006943185254414163,-0.007958053527265831,-0.013865584627001043,-0.014324193037542694,-0.01024243299746783,-0.012491626727313857
2021-09-10,0.002933471287685214,0.004596999231423206,0.00439219473858924,0.002933471287685214,-0.010832010135497696,-0.0013547916600689651,-0.0034576530486291825,-0.007009588822472457
2021-09-17,0.010294432048136884,0.01807082573269305,0.012482249581353678,0.013004122147345696,0.0036919835561800675,-0.003932685019317556,-0.0014687729406493092,-0.0011799799522316237
2021-09-24,-0.01348063639128315,-0.02432968769001481,-0.007480614728825585,-0.010290544432280384,-0.017983707223798447,-0.019036110295467014,-0.019832646860368376,-0.020567134282210978
2021-10-01,0.013857978219180013,0.007910893640851105,0.006785509965379778,0.0076670802380206906,0.00617872031066608,0.008858832013672546,-0.0006798535512040451,-0.00013642710907187214
2021-10-08,0.01853684900921261,0.021109502139420887,0.016300018437819228,0.016154720063729238,0.017122880010832595,0.020458604442855136,0.018753377027277383,0.019115716292800948
2021-10-15,0.012194647495669177,0.012923814162335843,0.014418725683823585,0.014347297112395014,0.014948234946709249,0.016229739419898085,0.012209699642842797,0.013371157749856042
2021-10-22,0.01710429651275135,0.019594829623809967,0.017586033522426103,0.013751886245093792,0.008102646573189747,0.01576947345350675,0.011809208457329171,0.015506356058881352
2021-10-29,0.021537063999755926,0.021402672130206656,0.02703050294358511,0.023364330026987425,0.016557511240295135,0.025240357632570286,0.022822249058970623,0.02874730748738655
2021-11-05,-0.004890920445604124,-0.0060112272998936,-0.006394424555724231,-0.003349305507880404,-0.003718520395947162,-0.014099978761183126,-0.011267932248879018,-0.00634225340073747
2021-11-12,0.002818418449113896,0.004688561094875475,0.014082772365651919,0.0044749906576100505,0.011386555307317706,-0.0012134940869510944,0.0009658036325999068,0.0005372322040284783
2021-11-19,-0.011241507443604082,-0.011018227031712808,-0.011731479222441943,-0.012159850927313212,-0.0058316767510847006,0.0006215648202967769,0.00028823148696344343,0.00028823148696344343
2021-11-26,-0.0121600481418608,-0.013881415247725477,-0.014411770431938498,-0.01216519803424894,-0.03463254117560505,-0.011326105655928646,-0.011326105655928646,-0.011326105655928646
2021-12-03,0.03652814385956777,0.038313890397556526,0.03501687566569025,0.03770308865052594,0.029792903562133103,0.009799040948750394,0.015486454410398491,0.015486454410398491
2021-12-10,-0.02457265335447488,-0.023027685149757834,-0.01170903630200736,-0.02084170099724367,-0.016057720693684822,-0.019097360017280497,-0.013667534537607894,-0.015101159875067396
2021-12-17,0.03778642381849464,0.04568789051888731,0.04629463213831012,0.040562585153884785,0.030909421120490367,0.03388327454006825,0.03782592586150886,0.03492180788098905
2021-12-31,-0.005002211122563147,-0.024040466815205365,-0.0238738001485387,-0.023802371577110126,-0.049524118886324464,-0.0475887648431546,-0.04825543150982127,-0.048541145795535555
2022-01-07,0.019210377745927213,0.009890367604022956,0.009890367604022956,0.009890367604022956,-0.01263402820710671,-0.003139681774817197,-0.004502711325353936,-0.005545335042317271
2022-01-14,-0.04001773143506021,-0.04790334991596509,-0.04790334991596509,-0.04790334991596509,-0.00125,-0.00125,-0.00125,-0.00125
2022-01-21,0.004589982010470313,0.009422896454394591,0.009472344662959932,0.005006648677136979,0.0018582820153581028,3.64404990274487e-05,0.0013313316377572008,0.005977190162137432
2022-01-28,0.017244858678239675,0.013752689284383687,0.018115919278755034,0.01497403816195712,0.013894938716232378,0.013752689284383687,0.01167312397480591,0.010158913211483307
2022-02-04,-0.01658250785253869,-0.01971776897934855,-0.018080567851454545,-0.017094965965132308,-0.014829516035497153,-0.01971776897934855,-0.022484460604507074,-0.015517417037153034
2022-02-11,-0.019743380268748105,-0.01514712811823961,-0.018620651238170572,-0.01983266598303382,-0.017166529258345508,-0.011665134441252998,-0.010729300539744269,-0.01710448150108659
2022-02-18,0.0068809016371390724,0.004569092003873103,0.0023241599199401173,0.010073320531209858,0.0030045056059957425,-0.0028865074323373135,-0.0012712364193622097,0.0035564536579437943
2022-02-25,-0.003998389826894945,-0.023181813211920678,-0.01440159696685923,-0.020840828908972476,-0.010524608595786845,-0.023688761731036415,-0.006807867212518571,-0.0016913211055101787
2022-03-04,-0.022669588401190797,-0.030284078321565207,-0.028228781239237888,-0.028720747966403077,-0.029255485130221782,-0.03026457239462972,-0.027592244717779546,-0.02955655740725302
2022-03-11,0.0568872480870056,0.06562783562025847,0.0728481043234304,0.07115729055280806,0.06555980493623631,0.06479450228692514,0.0656555525154975,0.06502887861969313
2022-03-18,0.020105547389181463,0.012450825798003846,0.013792719328301173,0.012148361510553166,0.018816824776183197,0.01529801762621341,0.005975083065268573,0.009453955550651323
2022-03-25,-0.0042594099451368,0.005054476613088943,0.0003664965009695933,0.002288653413443293,0.004473698690468213,0.005054476613088943,0.003031900379840791,0.007497546738136724
2022-04-01,-0.00948070272121082,-0.011388023832222871,-0.012750592893242787,-0.015535036358054262,-0.009580599112902833,-0.017083024899233464,-0.023594284413482748,-0.023311992358474136
2022-04-08,-0.017536098567917133,-0.018972158112090277,-0.013213787676691293,-0.017337685869504436,-0.02463002721759779,-0.02688019571260704,-0.023671693884264457,-0.01785870478121541
2022-04-22,-0.039481377621488206,-0.04328304750667207,-0.04361638084000541,-0.04340209512571969,-0.00125,-0.03900518714529773,-0.03933852047863107,-0.039481377621488206
2022-04-29,0.004315113828634724,-0.0034021644056987928,-0.0026185187632565264,-0.007591826003461063,-0.006869935307843787,-0.010756620177422273,-0.009883880813472488,-0.007762792450700929
2022-05-06,-0.029668546801516482,-0.02728503648206115,-0.03144509290715594,-0.02833516680502409,-0.021766862824807602,-0.0194941264392147,-0.023726423915106522,-0.023943552552374354
2022-05-13,-0.028446299568858628,-0.03728070117051157,-0.041145065862285085,-0.03856396639277277,-0.02329946955426271,-0.03310601755701688,-0.03056825193647794,-0.026797361844322163
2022-05-20,0.07039269853271803,0.06563731276883437,0.06775223837107983,0.07402753955385867,0.06260404775926724,0.04236614496578821,0.045082518500429075,0.04988579802554774
2022-05-27,-0.014323433724589081,-0.011871318595687111,-0.00683359949499316,-0.00897848392423432,-0.010509433006055233,-0.016645089877541815,-0.01833312348518564,-0.013594197772432608
2022-06-03,-0.00125,0.04666485310966112,0.04666485310966112,0.04666485310966112,-0.049686528920026576,-0.04997561226073926,-0.052862449694781814,-0.05211035710639146
2022-06-10,-0.06622021958790401,-0.04956626883490073,-0.05204916227053,-0.07070577377888895,-0.06160528384013207,-0.05214519728201333,-0.05499916318200065,-0.05371951137198166
2022-06-17,0.05630270725465598,0.05956202911112146,0.05577532819361063,0.05612272615231973,0.0583432530517484,0.06433979206185489,0.06436568159575692,0.06183388433839533
2022-06-24,-0.019532598700778787,-0.014756594393543912,-0.022438455104991553,-0.019217479753147002,-0.014022472205237255,-0.026920210658983697,-0.023355540943707776,-0.009720824630873037
2022-07-01,0.004823611054241623,0.010856786197793417,0.010496853450689361,0.010303068026444127,0.0025399996759792164,0.01169011953112675,0.018602480555807488,0.013104511930305604
2022-07-08,-0.010675968298589373,-0.007675356411649477,-0.01469218064538089,-0.012157360971101388,-0.011404403744733622,-0.007675356411649477,-0.010427484087008478,-0.008705826476539922
2022-07-15,0.03250664703913039,0.033972042522167845,0.030649416758852948,0.026082615628725853,0.024190779877227314,0.027001286111729028,0.03189906201664281,0.023247472949664016
2022-07-22,0.04770670022026933,0.036655815084492394,0.037928431253649225,0.049333412642564654,0.04083421095156771,0.039155815084492396,0.0346982249746801,0.034325368819558534
2022-07-29,-0.0023231248847617667,0.013482197454117772,-0.004711789357677387,-0.003976255412703894,0.003137573866951499,0.0071440610155787026,0.0076588780608411134,0.006021963612811021
2022-08-05,0.03034728982940399,0.028078740124380053,0.030903933483548446,0.03690549761484716,0.034395659186279834,0.0375109682141074,0.03847838736841712,0.037510791480846344
2022-08-12,-0.0012499999999999998,-0.00125,-0.00125,-0.0012499999999999998,-0.00125,-0.00125,-0.00125,-0.00125
2022-08-19,-0.02461922491549895,-0.021212398366179597,-0.028318311285546766,-0.030451647993294223,-0.02949314674302647,-0.02949314674302647,-0.02949314674302647,-0.02949314674302647
2022-08-26,-0.033575099373104954,-0.03444589170482844,-0.03203984162930676,-0.035766675897263324,-0.029826406252474215,-0.035626146364511474,-0.0357782227218512,-0.031991188961219226
2022-09-02,0.04740238266891988,0.04331779818035279,0.04422902573000409,0.048842925323718124,0.046040252795197134,0.044415380325092735,0.04816991616087039,0.044459990134969034
2022-09-09,-0.06008821647275096,-0.059532660917195404,-0.05986599425052874,-0.06000885139338588,-0.048320437828071626,-0.05461986795854699,-0.05535564216570346,-0.05376020834124178
2022-09-16,-0.05068693093822374,-0.04542187672851912,-0.044590544549346856,-0.05068693093822374,-0.04789344535336034,-0.04052965988147638,-0.0451314242414035,-0.043224445720752916
2022-09-23,-0.022594347295950383,-0.029382548614344525,-0.030153721390123248,-0.028586388252657434,-0.02425741185753581,-0.02934840911793131,-0.0268534232343183,-0.026321224408334835
2022-09-30,0.01647965153722385,0.01603223835981451,0.01741715153722385,0.016702865822938135,0.018924588102930153,0.009831553690182645,0.011877004164938499,0.013727984989366544
2022-10-07,-0.00125,0.029299623684872548,0.029299623684872548,0.029299623684872548,-0.010505863478353528,0.004802360490579101,-0.004318239224365428,-0.006646452135905479
2022-10-14,-0.046826482860366864,-0.04821337352194416,-0.04821337352194416,-0.04821337352194416,0.0394390891623593,0.04400688181527185,0.0462629309358913,0.043178233774631536
2022-10-21,-0.03895669364699638,-0.03812336031366305,-0.03812336031366305,-0.03812336031366305,0.0400071352914785,0.024463584722539067,0.03951736910686007,0.031056611390184553
2022-10-28,0.035880596660310404,0.035880596660310404,0.035880596660310404,0.035880596660310404,-0.03386208078524202,-0.032877232300393536,-0.043520728298135594,-0.04373501401242131
2022-11-04,-0.042369577280966866,-0.05020137231483044,-0.05020137231483044,-0.05020137231483044,0.05123812222569998,0.03774963036542528,0.05520093775215138,0.05638130074187529
2022-11-11,0.0018400120444810053,0.0030900120444810053,0.0030900120444810053,0.0030900120444810053,-0.00125,-0.00125,-0.00125,-0.00125
2022-11-18,-0.00042436920172223003,-0.00042436920172223003,-0.00042436920172223003,-0.00042436920172223003,-0.0007101124681805617,-0.002362748385732165,-0.007419113426845564,-0.004401782510249929
2022-11-25,-0.012359746752727383,-0.012359746752727383,-0.012359746752727383,-0.012359746752727383,0.012157253045772845,0.02337684114040371,0.023692654376072955,0.015362004363808659
2022-12-02,-0.04764965156542794,-0.054608863942215584,-0.04764965156542794,-0.02470113644787455,-0.03670446638840187,-0.03386729192016709,-0.04408926063156288,-0.04229490058224531
2022-12-09,-0.019168988303338276,-0.01837865178531163,-0.019385829490657647,-0.021535812823109395,-0.016745251977030372,-0.019633965489917544,-0.017934075319714717,-0.015606886332144932
2022-12-16,-0.003161535788247391,-0.019844976801108746,-0.02017831013444208,-0.019964024420156365,0.0015890865845819236,-0.005631717151424943,-0.013997367008121197,-0.00716686503352813
2022-12-23,-0.0022993953254707594,-0.0014660619921374263,-0.001351295560826636,-0.001351295560826636,-0.006353014979320948,-0.008921866180271926,-0.003120459040570777,-0.004427995305195521
2022-12-30,-0.0036177563646975905,0.0009915596958020387,-0.003397208760841474,-0.00016463642369306686,0.015984131950743614,0.013235787592732898,0.013561354204008759,0.01880632496312942
2023-01-06,-0.00125,-0.0019561405796656977,-0.0021228072463323642,-0.002372807246332364,0.025250339722874156,0.029075811181058765,0.038235921977887596,0.03223181859230583
2023-01-13,0.00639824678725895,0.005981580120592283,0.005981580120592283,0.005981580120592283,-0.0004802690458764155,0.005706994743363725,-0.001338845366623753,-8.471199540099856e-05
2023-01-20,-0.00125,0.04313497722148642,0.02820471547497856,0.02820471547497856,0.021661629724822176,0.029365476226198763,0.02121560604145587,0.024263999387865505
2023-01-27,0.0,0.014774910666972157,0.014566577333638824,0.014566577333638824,0.0030630398967329874,0.004068732212811585,0.004889950345787352,-0.0003331718442593424
2023-02-03,0.0,0.01856088444519383,0.01856088444519383,0.01856088444519383,-0.00980841239256376,-0.013216976626568287,-0.01119230873687722,-0.003294953540201563
2023-02-10,-0.0015052889784492307,-0.0015052889784492307,-0.0015052889784492307,-0.0015052889784492307,-0.0037685196999751327,0.006421580595390219,-0.010583430289571316,-0.006085550173059855
2023-02-17,-0.00125,-0.00125,-0.00125,-0.00125,-0.00125,-0.00125,-0.00125,-0.00125
2023-02-24,0.0,-0.025767075829174507,-0.025767075829174507,-0.025767075829174507,0.0,0.0,0.0,0.0
2023-03-03,0.042772490641998145,0.04235582397533148,0.04235582397533148,0.04235582397533148,0.04164665227993533,0.042772490641998145,0.042772490641998145,0.042772490641998145
2023-03-10,-0.00125,-0.061716473934141536,-0.061716473934141536,-0.061716473934141536,-0.00125,-0.00125,-0.00125,-0.00125
2023-03-17,0.0,-0.00125,-0.00125,-0.00125,0.013724609250610005,0.022745680196954304,0.013724609250610005,0.011838862732560807
2023-03-24,0.03779678225109625,0.026546638613274633,0.0354847886287082,0.034949969596319165,0.03448398252778032,0.03932779754058757,0.03302594787736257,0.03323923862117854
2023-03-31,0.016509844774911697,0.011513406333010217,0.015049396918123384,0.015120825489551955,0.007719510252874887,0.013969074975310324,0.006877219652968539,0.010061069561125641
2023-04-14,-0.010488425330777843,-0.002712009947525999,-0.0010807204334865863,-0.0010807204334865863,-0.006216753707013169,0.004582611810714973,-0.0028104840152813103,-0.0008997080782695804
2023-04-21,-0.00125,-0.01942299884221684,-0.019631332175550173,-0.019631332175550173,0.006897947629253413,0.009682366998288689,0.005328399596502831,0.00475697102507426
2023-04-28,0.0,-0.00125,-0.00125,-0.00125,-0.00125,-0.014275572653774177,-0.01448390598710751,-0.01448390598710751
2023-05-05,0.0,0.0,0.0,0.0,0.0,-0.0004466293325705562,-0.0004466293325705562,-0.0004466293325705562
2023-05-12,0.0,-0.034307638933539525,-0.034307638933539525,-0.034307638933539525,0.0,-0.0063793002885221255,-0.0063793002885221255,-0.0063793002885221255
2023-05-19,-0.03458335380908953,-0.03333335380908953,-0.03333335380908953,-0.03333335380908953,0.0,-0.03583335380908953,-0.03583335380908953,-0.03583335380908953
2023-05-26,-0.017435911812479582,-0.017293947235296793,-0.017293947235296793,-0.017293947235296793,0.0,-0.016799511081294183,-0.016799511081294183,-0.016799511081294183
2023-06-02,-0.0018853971480814647,-0.0010520638147481312,-0.0010520638147481312,-0.0010520638147481312,0.0005489293514466542,-0.0027187304814147977,-0.0027187304814147977,-0.0027187304814147977
2023-06-09,-0.023336914965369673,-0.023336914965369673,-0.023336914965369673,-0.023336914965369673,-0.00125,-0.00125,-0.00125,-0.00125
2023-06-16,0.02270496950519818,0.02270496950519818,0.02270496950519818,0.02270496950519818,0.02329890058360648,0.02329890058360648,0.02329890058360648,0.02329890058360648
2023-06-23,-0.01943835928542812,-0.01837741932160486,-0.01837741932160486,-0.01837741932160486,-0.00125,-0.00125,-0.00125,-0.00125
2023-06-30,0.01018507441665219,0.011018407749985524,0.011018407749985524,0.011018407749985524,-0.017973450301770843,-0.017973450301770843,-0.014776362732001362,-0.014776362732001362
2023-07-07,-0.025151451876421427,-0.025151451876421427,-0.025151451876421427,-0.025151451876421427,-0.00125,-0.00125,-0.00125,-0.00125
2023-07-14,0.0014597464199989276,0.0014597464199989276,0.0014597464199989276,0.0014597464199989276,0.0,0.0,0.0,0.0
2023-07-21,-0.010028439027023021,-0.014456343017223483,-0.014456343017223483,-0.014456343017223483,0.0006399278354074927,0.000377141422063179,0.002082887738624124,0.0038730602983863514
2023-07-28,0.027561082236661844,0.028811082236661845,0.028811082236661845,0.028811082236661845,-0.01954293064434976,-0.018455916668025242,-0.01951190536410512,-0.0194028955932635
2023-08-04,0.015910513151682494,0.017717550944819506,0.015910513151682494,0.012889821572543037,0.005957589026992844,0.012665258412643543,0.012596033746707994,0.008402029273481486
2023-08-11,-0.000958247521790157,-0.0024810210696013697,-0.0005082661457924908,-0.0009582475217901569,-0.0026013868298105313,0.009702717888530315,0.003278864408085027,-0.0028935946220183233
2023-08-18,0.004103650258464207,0.003865555020368969,0.003272195695771475,0.004954677310997509,0.00034086232629243116,0.0016758235824279061,-0.0006968705461064192,-0.0015277452646829499
2023-08-25,-0.025123935362395707,-0.025123935362395707,-0.01891817770823384,-0.01916817770823384,0.0006884220561653772,-0.015022611701669148,-0.00457238278745773,-0.004960224729495905
2023-09-01,-0.006476149246148401,-0.006476149246148401,-0.004139398325192466,-0.004139398325192466,-0.00879483791955461,-0.012936346085273793,-0.0110686312037502,-0.008973409348126038
2023-09-08,-0.0030318837822625165,-0.0022301714417845564,-0.0021881401128740693,-0.0020896463988328076,0.00014152558526605425,-0.01035964676242786,-0.003699765791622843,-0.0012693199377736505
2023-09-15,-0.02441912709396296,-0.021968187303992318,-0.026213574903810447,-0.01807721878780281,-0.030294026077141382,-0.03893448217213034,-0.035393351824693255,-0.03216097861876689
2023-09-22,0.0058896025713091014,0.006097935904642434,0.005764602571309101,0.005978888285594816,-0.00856156057578679,-0.02026370736778586,-0.01450752575435602,-0.013537380050220918
2023-09-29,0.0022337300413833136,-0.0024390537383262006,0.00014835006719070743,0.0026982416630188357,0.0032698331679422653,0.002319769419660706,0.003055547453656551,0.0011021216917264827
2023-10-06,-0.0027595954486322716,0.0013908854938627937,-0.00029511284411869393,-0.0008668956099331534,-0.00240615675928793,-0.0017000287086063404,-0.000929641403535774,-0.001290786106936352
2023-10-13,-0.02968749686654286,-0.029841943065869306,-0.024076447588694205,-0.024147876160122775,-0.026220375472129194,-0.02613704213879586,-0.02260098100073228,-0.017934569148620974
2023-10-20,0.021140480123975573,0.009579085760992739,0.01057908576099274,0.01057908576099274,-0.03028559363389103,-0.0365614004174072,-0.024251493985804375,-0.030333086713252418
2023-10-27,0.018303127882890506,0.0479297032517213,0.008646594076293292,0.007486690580380415,0.053769990029815716,0.04897490611462122,0.05334396871870434,0.05436017877072681
2023-11-03,-0.004048985482079413,0.01072164538137834,0.0012668790349239087,-0.0024343571205858163,-0.0021390328893163488,0.008276990896333363,0.001947287030929602,0.0035291105921809417
2023-11-10,0.024355801713039218,0.02281153130376612,0.02626751927572434,0.024673262030499535,0.022843839247373123,0.027792076026598,0.028319328198933947,0.02957137763742758
2023-11-17,0.0006531708546905425,0.0006531708546905425,-0.0037699233936023457,-0.0013475780727279648,0.007231164798213261,0.010512812674486116,0.007738191278210551,0.006872503835709817
2023-11-24,0.00961795270261549,0.007042958386042575,0.0035462592654451628,0.0034748306940165915,0.013645269656421355,0.017353482273015735,0.01544552828190914,0.017736779655079277
2023-12-01,0.0022613247660727056,0.0038978515370127575,0.0027613247660727056,-0.002241370999246958,-0.0016676850805994491,0.00254598460207491,-0.00042483643003389114,0.0009125571692905071
2023-12-08,0.02817851421230364,0.03442914037666631,0.029019412210030307,0.028010292329745053,0.028268267828900684,0.02552366590363934,0.026362342943937037,0.02574131160417683
2023-12-15,0.003559084505529794,0.004810014070184628,0.0056971751408814615,0.005924610711028912,0.010023464298954437,0.010321083346573483,0.003475839789329551,0.0064999215386767496
2023-12-22,-0.00125,-0.00125,-0.00125,-0.0012499999999999998,-0.00125,-0.00125,-0.00125,-0.00125
2023-12-29,0.0,-0.005494280748839017,-0.008446692726669867,-0.008446692726669867,-0.0054942807488390175,-0.0054942807488390175,-0.004850687073074649,-0.004850687073074649
2024-01-05,-0.019229569368883176,-0.026138550761869044,-0.01487102014070546,-0.013471455772685008,-0.0003549082548085702,-0.004752569650548337,0.0001450917451914298,0.007868895902967514
2024-01-12,0.0016731416483857942,-0.0025033013606891186,-0.0036409439329347917,-0.004756130919197591,0.0013597877232571934,-0.01144125427653312,-0.0011959938181160257,-0.002408270191132916
2024-01-19,0.00488526005582416,0.01087260390771975,0.005385260055824161,0.005313831484395589,0.007964047660041825,0.010039270574386416,0.004838748427134358,0.00476873095886567
2024-01-26,-0.011652553079725847,-0.012815142996363752,-0.011652553079725847,-0.011652553079725847,0.003269783089923055,0.0025727434362336683,0.00956794931303784,0.011265200130456756
2024-02-02,-0.010496935230670131,-0.00987193523067013,-0.008032565450553836,-0.008032565450553836,0.009709833764947474,0.008360986364346642,0.010709833764947475,0.006847849654186611
2024-02-09,0.008529204676973823,0.008529204676973823,0.013178858421587003,0.013178858421587003,0.0009458806539446266,0.011776551709699544,0.010148817510478705,0.0018659300065555027
2024-02-16,-0.011914742821050131,-0.011914742821050131,-0.012539742821050132,-0.012539742821050132,0.010368458462828543,0.011721801310951796,0.012535547790241065,0.012632256860414835
2024-02-23,-0.009209166202794106,-0.009209166202794106,-0.009209166202794106,-0.009209166202794106,0.008387670446731778,0.003459678507503283,0.005641118964770632,0.008878382941087518
2024-03-01,0.0028007227351783868,0.010507418155080604,0.008952190606223211,0.0032135370727515962,-0.000581753924772272,0.0033019040646684048,5.037713408001651e-05,0.00015536608178469663
2024-03-08,0.00831079848666839,0.011511886393207237,0.008477465153335058,0.00854889372476363,-0.0004900402656565846,0.00048715531082688113,0.004022505463147143,0.007358836729980771
2024-03-15,0.023086317059876463,0.022745097156962178,0.021613012725839945,0.023086317059876463,0.018805204204801956,0.018247836896150265,0.01833638195124302,0.017724844297868542
2024-03-22,0.007482426773264691,0.012139683072671086,0.008053855344693262,0.005572293906104188,0.0062458541738614985,0.010816094953644328,0.005497521591904931,0.005183562690631574
2024-04-05,-0.007168741735187198,0.0018722039340217304,-0.003135676907279926,-0.007168741735187198,-0.022209978200169317,-0.018731828657601625,-0.020307566392598918,-0.02321510742681779
2024-04-12,-0.027623245755571773,-0.030244260360415828,-0.020383736496692353,-0.02337990356494786,-0.012724836159000504,-0.012308169492333838,-0.013788462780944456,-0.020372589245448346
2024-04-19,0.02012130718226109,0.01420188335949215,0.014336189012141056,0.021289698508041913,0.015656853479120495,0.016729411736631915,0.0121184561640332,0.015032438260714449
2024-04-26,-0.0033744642120888233,-0.003096686434311045,-0.0016166144215498325,0.001218202036973252,-0.00125,-0.0023883050715343664,-0.0018883050715343668,-0.0020311622143915097
2024-05-03,0.012469991470867655,0.012469991470867655,0.011579316073083079,0.012464877626929558,0.018277650262075017,0.020407993904016524,0.01698906434559655,0.01749630277283107
2024-05-10,0.020117588417312333,0.020342562291356777,0.016767842358218144,0.016652973188439855,0.014244009635660344,0.014598215267810837,0.015863187987631977,0.0162910093350122
2024-05-17,-0.00125,-0.00728179883397519,-0.007615132167308523,-0.007698465500641856,-0.007089440581533153,0.0017851608216614338,-0.004972791580040536,-0.006438035359785303
2024-05-24,-0.00938167068198764,-0.01147637116301773,-0.010758107630160229,-0.008109023792089243,-0.004691056560854672,-0.002180206415057449,-0.004032684131542874,-0.006493751800595875
2024-05-31,0.014235814456499869,0.024020787862512567,0.018351453772573377,0.011003897122576552,0.004271030402937261,0.016154143743598692,0.019169083552286092,0.014280020442532388
2024-06-07,0.015888663053120006,0.034987695669948915,0.01831217824531989,0.010166116419134069,0.001613602750898683,0.013279184679257872,0.00567118651222276,0.012123453441809038
2024-06-14,-0.005767922821921713,-0.005767922821921713,-4.379838362480754e-05,0.00031334447351804955,0.013975829385440777,0.010264385937086526,0.019328876345570033,0.019018075275583152
2024-06-21,0.0019003408914855708,0.0019003408914855708,0.0016749575345700318,0.0016749575345700318,-0.0008064351299521304,0.0038698216713377587,0.0010860941245443246,-0.0011423820209545757
2024-06-28,0.007250356370394506,0.007250356370394506,-0.006123444782919174,-0.006123444782919174,0.01056096796842952,0.019776464055476544,0.017972006001756847,0.020225169227795277
2024-07-05,0.002091212314564569,0.002091212314564569,0.001764556040231458,0.0022473647140298187,0.01700224967494769,0.012232579444749944,0.01461464360809861,0.018957643676728073
2024-07-12,-0.007055228397509534,-0.012270303039573547,-0.01355816721029034,-0.013724833876957008,-0.00929070986587335,-0.010498865901265843,-0.007924869210873497,-0.011698905472280854
2024-07-19,-0.00125,-0.00125,-0.00125,-0.00125,0.0005707793322815334,-0.008522396035415637,-0.0018241551451262266,-0.0031397895248893182
2024-07-26,0.0,0.0,0.0,0.0,-0.01668222594597327,-0.004878263413473083,-0.012319388892097017,-0.009042320777617852
2024-08-02,-0.006235689232662849,-0.0021617459686289003,-0.0021617459686289003,-0.0021617459686289003,-0.0007054917405221622,-0.0032065959868075953,-0.001584788791437807,-0.0034560246940185183
2024-08-09,0.016769014263724406,0.017602347597057737,0.017602347597057737,0.017602347597057737,0.02977434027783801,0.014242429083422992,0.017472189964907448,0.020929462367515625
2024-08-16,0.01687718891966772,0.014726076292699175,0.014726076292699175,0.014726076292699175,0.0153184431476279,0.015090652767552412,0.014508894848411679,0.014457179068049369
2024-08-23,0.0014497560744721953,0.003116422741138862,-0.000244757683655871,-0.000244757683655871,0.005155710547949876,-0.0006260666942272469,0.001390980061964699,0.002665068216281692
2024-08-30,-0.03748418554269323,-0.037581455036447525,-0.032116997497257604,-0.035370616184495926,-0.025422717591562147,-0.03121132338437097,-0.02923501900681882,-0.031328490066701735
2024-09-06,0.03397071196522595,0.04011545218245786,0.035145292817222326,0.032108147723121504,0.03305789167840091,0.03153348167123032,0.03690777720502212,0.0330057851828375
2024-09-13,0.017144586805347434,0.01523998629862618,0.011891413400312092,0.012703901881375719,0.014487960438442653,0.007549336648604299,0.011014782635605427,0.009494490398583792
2024-09-20,0.006655118568457451,0.007225607573505913,0.011611815682710204,0.009120264211262892,0.006634363002670309,0.00639227424017258,0.007437301285071676,0.01122410887405595
2024-09-27,0.00934614322606745,0.0016337582466248908,0.0016577735943911326,0.009099284198087101,0.00323967390759139,0.0016337582466248908,0.0025821612727278237,0.008634437609025604
2024-10-04,0.003959190585340902,0.01215920421704301,0.003896690585340902,0.010065672418608673,0.00680175980998847,0.01215920421704301,0.010091206894744709,0.007224289003142538
2024-10-11,0.0022758189170330096,0.002942485583699676,-0.0016636310385081622,-0.0018779167527938766,-0.00125,0.00574690586721303,0.005080239200546363,0.005151667771974935
2024-10-18,-0.014451120899184084,-0.012285319302665316,-0.00867014013264711,-0.013846871276486013,-0.016610678185127598,-0.004320036147846872,-0.010885043613270504,-0.011355746812922847
2024-10-25,-0.0012500000000000002,-0.00125,-0.00125,-0.0012499999999999998,-0.00125,-0.00125,-0.00125,-0.00125
2024-11-01,0.0,0.06372789157403577,0.06372789157403577,0.06372789157403577,0.0,0.06372789157403577,0.06372789157403577,0.06372789157403577
2024-11-08,0.009203208824320326,0.010453208824320326,0.010453208824320326,0.010453208824320326,0.0,-0.00125,-0.00125,-0.00125
2024-11-15,0.018245898673296936,0.019359051301575444,0.017661432067809818,0.01748354568503769,0.021873638110585333,0.02458590845087761,0.021565520529740274,0.020753671897440155
2024-11-22,0.022502042775104897,0.019176048468532342,0.01828039688670081,0.010581207576793903,-0.00125,-0.013730772158491496,-0.013730772158491498,-0.013730772158491496
2024-11-29,0.0006379970859339314,-0.02665848219018588,-0.004302451423330092,-0.0009973206866560414,-0.005062915432769055,-0.017504179115316036,-0.00695319386293046,0.004739851883956927
2024-12-06,-0.014059082293915162,-0.019992746532594675,-0.017092968568662124,-0.012172065545248039,-0.01325150597486448,-0.01741704674757697,-0.015047548697651503,-0.018672206421713005
2024-12-13,-0.019073068807670533,-0.034211264741497376,-0.02735337718798017,-0.019020618409933514,-0.025762388772313315,-0.021965803119170842,-0.028731445777056965,-0.026966332300688033
2024-12-20,-0.0024466277007802635,-0.0006463539675782084,-0.002279961034113597,-0.0025474921890073464,-0.004937846056941086,-0.001484040319690219,-0.006126161258504214,-0.00579987759179558
2024-12-27,0.0038209976053505683,0.00798609971299295,0.0037146062518050318,0.0033812729184716983,-0.001066639893669465,0.012468057488715174,0.005239980872764317,0.0013420819638406065
2025-01-03,0.019323947650303687,0.019532280983637018,0.019198947650303687,0.019198947650303687,0.017047274005021457,0.017568107338354788,0.017234774005021457,0.01709191686216431
2025-01-10,-0.030628767877294235,-0.030628767877294235,-0.030628767877294235,-0.030628767877294235,-0.029795434543960903,-0.029795434543960903,-0.029795434543960903,-0.029795434543960903
2025-01-17,-0.00125,0.013856083869707752,0.013856083869707752,0.013856083869707752,0.013856083869707752,0.006088367172905581,0.006088367172905581,0.006088367172905581
2025-01-24,-0.012016840062660057,-0.009031211636402206,-0.012298060847834037,-0.009736608881547138,-0.006497750492124838,-0.010770925927904865,-0.009074825956367116,-0.00823285268549062
2025-01-31,-0.004138232667564665,-0.005988366068169825,-0.003700732667564665,0.00018482977063762263,-0.0014009790167293806,-0.0072379929620610475,-0.004801363518433775,-0.0014004595840533254
2025-02-07,0.008097053656052488,0.002419422806032745,0.008097053656052488,0.008164297603975792,0.011204866679540746,0.011423023702211172,0.0020004074570961223,0.008113712679884262
2025-02-14,-0.01539861651285199,-0.026919374651954868,-0.015461229469151131,-0.014684330798566276,-0.011313442241265268,-0.009104900584670597,-0.015961229469151128,-0.006784839391675877
2025-02-21,-0.0036386924222468406,-0.0005369968417008868,-0.015584391622590378,-0.008338768324935988,-0.003248410301595609,-0.03146395380345647,-0.014744027939171032,-0.0087497337762582
2025-02-28,-0.03060555378722233,-0.03748042015862272,-0.02896492458098412,-0.02725901720020163,-0.023599951188476923,-0.03874709273628425,-0.023807844500010934,-0.02454788568567642
2025-03-07,-0.020017550760384202,-0.03363352746237556,-0.029880889207880946,-0.028156145353468782,-0.019874512325506515,-0.037902712494201254,-0.03347578604936002,-0.030968928240085777
2025-03-14,0.01042574892340759,0.0029554432108488595,0.004229200821194991,0.007008627865750746,0.006766990492404089,0.0053197217907695795,0.004229200821194991,0.005392620628186986
2025-03-21,-0.010943763330666613,-0.019619116941005724,-0.01612841348537322,-0.011109100822939422,-0.009067430284492488,-0.021592401204948687,-0.014542066740112027,-0.011653223305831373
2025-03-28,-0.10021156074498956,-0.08381511474030902,-0.09119024837465932,-0.0934392128784389,-0.08613314614595234,-0.12180135207833111,-0.09956263557596591,-0.09715390753522742
2025-04-04,0.054597028026577975,0.05935409192785366,0.05437139592404647,0.05303349354425547,0.04052007698386024,0.029792140138458306,0.024616336598137382,0.03664778223007241
2025-04-11,-0.03615235386145873,-0.04404375416373129,-0.046985803545731876,-0.03770205141467238,-0.02486501304988572,-0.009938984965116008,-0.0257381779338597,-0.017530350153518306
2025-04-25,0.02527975417558151,0.018142377077161414,0.01743581276162225,0.024557192338081867,0.03315993499771083,0.019376477930414436,0.024026992430311405,0.024741278144597117
2025-05-02,-0.002384034038856182,0.0007428948920509271,6.482804577464586e-05,0.001600346606475853,-0.009390264783220383,-0.02063146350351656,-0.01117699435580137,-0.008675979068934669
2025-05-09,0.04918691798656562,0.050447376741581285,0.048548373173621484,0.05715586870528758,0.0388440922600645,0.02808858214668582,0.029642702640159748,0.04329467546710061
2025-05-16,-0.02261677549475742,-0.035562406472486374,-0.030622112671961736,-0.0303874278316236,-0.003014784841381844,0.009155501533257615,0.01021186193174101,0.0038148104544257697
2025-05-23,0.01865846554255571,0.022277176517675207,0.02210846255419411,0.02028229412086179,-0.0037597706031365355,-0.022015808648665793,-0.0049997326682065255,-0.0006246130117667109
2025-05-30,0.014701624046223596,0.015161613156520832,0.018504422610071392,0.014353736419315054,0.008400847902907358,0.023908940840724573,0.008561077622322867,0.008757990760050214
2025-06-06,-0.0064325661274978446,0.001288451987237075,-0.0016478030763036888,-0.0033567534670551225,-0.004234258252725553,0.008594199223557622,0.0019578711080197055,-0.00419248926939103
2025-06-13,-0.007084251545403519,-0.0030115688738674975,-0.002910772840363907,-0.0034822014117924785,-0.011171034595028875,-0.014124779915406964,-0.010441596922332642,-0.01087016835090407
2025-06-20,-0.00125,0.013185035918856152,0.012851702585522819,0.012851702585522819,-0.00125,-0.04131969984092372,-0.04165303317425706,-0.04165303317425706
2025-06-27,0.008551816431007931,0.007447672919044579,0.008194742272743798,0.007068400834536005,0.0,0.006396943745823134,0.006396943745823134,0.006396943745823134
2025-07-11,-0.011908948027678936,-0.010797836916567825,-0.00797127924680614,-0.01280848992623584,-0.00610244271657966,-0.007352442716579659,-0.003614799411233825,-0.0032639967304603297
2025-07-18,0.023515116925198514,0.01161997287730526,0.012954183939440013,0.009121833271427926,0.010464497718666062,0.00405416864668708,0.002302337965368208,0.004645582367897123
2025-07-25,-0.03298854366877249,-0.03589770609256711,-0.03417568928991724,-0.030244369908742016,-0.0031912651604222055,0.0033467484512370582,-0.005247560004954931,-0.0007758031851072978
2025-08-01,0.01911417213489146,0.010989666031065307,0.019030838801558127,0.02090145523333664,-0.03004951199844555,-0.024403720177459558,-0.025070386844126227,-0.024998958272697654
2025-08-08,0.01343958644661566,0.0021177478580494333,0.014631533652146332,0.014153872160901373,-0.00125,-0.00125,-0.00125,-0.00125
2025-08-15,0.009438181224609626,0.006413757862641756,0.008661275606265041,0.008730848816605763,0.0,0.0,0.0,0.0
2025-08-22,0.00125950544742101,-0.0012399913054970853,-0.0014914375241101055,0.0011702197331352956,0.0,0.0,0.0,0.0
2025-08-29,0.0007193692976112894,-2.9713319736538032e-05,-0.0003801757051541503,0.0007193692976112894,0.0,0.0,0.0,0.0
2025-09-05,0.010922658983725478,0.007431699603691222,0.010292191974368271,0.011867803654095422,0.0,0.0,0.0,0.0
2025-09-12,0.01057659849766397,0.00047348545300746124,0.004430341394234783,0.008264086656373602,0.0,0.0,0.0,0.0
2025-09-19,0.0025842645700295324,0.01340732493684906,0.006457573782463756,0.003463873635650586,0.0,0.0,0.0,0.0
2025-09-26,0.010293569618425005,0.009859230600088902,0.007794405462362875,0.003796783847094953,0.0,0.0,0.0,0.0
2025-10-03,-0.028100521424831795,-0.027645883900881827,-0.03069595414691465,-0.02783893288516106,0.0,0.0,0.0,0.0
2025-10-10,0.013707568068918806,0.011134856048131154,0.011946834260210027,0.012442275309276898,0.0,0.0,0.0,0.0
2025-10-17,0.02083263932018139,0.019583255651833793,0.021616615899055416,0.022264205337611125,0.012680636147348575,0.01999992231850046,0.014756107250614844,0.015929017682023643
2025-10-24,0.00478768159104427,-0.002964531585465241,0.004021182501789167,0.00433406040177143,-0.03740406511919718,-0.015767535762072477,-0.01560086909540581,-0.015886583381120097
2025-10-31,-0.0012500000000000002,-0.01590365998226347,-0.015736993315596803,-0.01602270760131109,-0.00125,0.02980145963805975,0.02980145963805975,0.02980145963805975
2025-11-07,0.0,-0.00125,-0.00125,-0.00125,0.0,-0.00125,-0.00125,-0.00125
2025-11-14,0.0,-0.021735059544263087,-0.021735059544263087,-0.021735059544263087,0.0,0.0,0.0,0.0
2025-11-21,0.03136756967119647,0.03995992767013895,0.03061756967119647,0.03170868512831468,0.0,0.0,0.0,0.0
2025-11-28,0.003057594969454008,0.0036337175631840925,0.005850523957455679,0.002013313633019543,0.0,0.0,0.0,0.0
2025-12-05,0.0030159284707100523,0.007842945724718164,0.00973779174568864,0.002971285613567195,0.0032028739174560046,0.0032028739174560046,0.005489111559723332,0.003886251080478009
2025-12-12,-0.003044001190495672,0.0029198745585670145,-0.0006904101908672858,-0.004026448799896633,-0.00125,-0.00125,-0.00125,-0.00125
2025-12-19,0.008912959001726575,0.0035622385946444957,0.006756239244186691,0.0070115970193571076,0.0076152823189166,0.012942429139760599,0.010825454066769621,0.010807688890491557
2025-12-26,0.004765919520300458,-0.0049881748548230385,0.0026995455226986875,-0.0012848607695874793,-0.00125,0.014484917620701568,0.008624486091133449,0.008053057519704877
2026-01-02,0.022120435676825936,0.017190035716372176,0.026055450186180718,0.02274228435235851,0.00948019854968571,0.022554819455907354,0.02044631055016502,0.024068016795076568
2026-01-09,-0.0018383299070276315,0.007282969202111597,0.004111422393715548,-0.0007148785228343686,0.00044734088041654355,-0.002887818983419702,0.003790523606111353,0.010214361527993671
2026-01-16,-0.00045301613730079453,-0.004084965721431614,-0.0020661872334453817,-0.0017804729477310958,-0.00125,0.02246132815115398,0.009502219263020853,0.007066724527117145
2026-01-23,-0.0034497520625106906,-0.00010203027202998417,-0.0019497520625106903,-0.002302341646495723,0.0,0.015157186412683526,0.015323853079350193,0.015038138793635906
2026-01-30,0.006053566932636783,0.0001456752508307022,0.004695414628083517,0.0028154525556158033,0.004350238004375181,0.019813546887703464,0.009477992374432432,0.0030465414960015725
2026-02-06,-0.013887843387127355,-0.02537486903159948,-0.020588252848938296,-0.016331349315706147,-0.00125,-0.013624522468473952,-0.01362452246847395,-0.013267379611331094
2026-02-13,-0.004945428284584233,-0.011538280799204102,-0.008283747647120476,-0.006193253994712092,0.0,-0.00125,-0.00125,-0.00125
2026-02-20,-0.003722096916897298,-0.0004592812843919121,-0.003784596916897298,-0.005591531783356552,0.0,0.0,0.0,0.0
2026-02-27,-0.026498531517333578,-0.02831359137090905,-0.0290853070300394,-0.02614138866019072,0.0,0.0,0.0,0.0
2026-03-06,-0.0012499999999999998,-0.00125,-0.00125,-0.0012499999999999998,0.017059950926141737,0.014703161112642001,0.014703161112642001,0.014703161112642001
2026-03-13,-0.021693449365500467,-0.00952857295833595,-0.00952857295833595,-0.00952857295833595,-0.004874336430615366,-0.0229949857926792,-0.004874336430615366,-0.0034756017595533894
2026-03-20,-0.01756956356848522,-0.01679640439332214,-0.01561827428232737,-0.017152896901818555,-0.0068025396804434245,0.015010275147750976,0.0034657334423165006,-0.002955682024185635
2026-03-27,0.037159411441142196,0.029775745243383448,0.033383542135899925,0.03528193742130447,0.03397138821636657,0.02794624964645779,0.02829835810400011,0.03167705717489053
2026-04-10,0.033967466248671724,0.0015187940465128968,0.011964927132406756,0.022406718765947138,0.013983330558997743,-0.009170775260982715,0.016859301137503956,0.02922643249721289
2026-04-17,0.002834663345300211,-0.0013304606552701837,-0.0035808325277240424,0.00025229864820838516,-0.009266393606643811,0.003971188390272403,-0.0029952227397354028,-0.0027215363082195194
2026-04-24,0.0014876258852475517,-0.0012687299041337346,0.00427746919895522,0.0014303356134242936,0.002591950725460683,0.011746915846937194,0.005624834690781134,0.004837420696635192
2026-05-01,0.008970842135242092,0.008104682370280223,0.0009457413226758313,0.014612874119320732,-0.004536363017199278,-0.02647885726207277,-0.028393396284687764,-0.019596329833402797
2026-05-08,0.0031919746101622378,-0.004941055758741262,-0.007327060164049458,0.0036111112752835765,-0.002119078003886565,0.0035554926656561165,0.011760930866111354,0.004681681634871363
2026-05-15,-0.0005555555555555556,-0.0008333333333333333,-0.001,-0.0010714285714285713,-0.0001785714285714287,-0.0008333333333333333,-0.0005,0.0
