,net,gross,n_active,equity
2017-11-17,0.009053186530723597,0.010303186530723596,4.0,1.0090531865307235
2017-11-24,0.014960931387220464,0.018710931387220464,1.0,1.024149562020466
2017-12-01,0.0021436811545653854,0.003215109725993957,7.0,1.0263450121360256
2017-12-08,0.0053187795490729165,0.006881279549072916,4.0,1.0318039149968679
2017-12-15,-0.003080945649701247,-0.001830945649701247,3.0,1.0286249832136134
2017-12-22,0.00987888934035689,0.010816389340356891,4.0,1.0387866555955072
2017-12-29,-0.008839293157818033,-0.006755959824484699,3.0,1.0296045158182692
2018-01-05,-0.0013349197127230507,-0.0007099197127230505,2.0,1.0282300764537946
2018-01-12,0.014508613983021062,0.01575861398302106,7.0,1.043148269718795
2018-01-19,0.005454356407946831,0.007016856407946831,4.0,1.0488379721681744
2018-01-26,-0.01448002104466096,-0.014063354377994294,3.0,1.0336507762587397
2018-02-02,-0.058574641603728744,-0.057532974937062074,6.0,0.973105052495968
2018-02-09,0.043778463328038884,0.044195129994705554,9.0,1.015706096350992
2018-02-16,0.016204997559177613,0.01870499755917761,3.0,1.0321656111632016
2018-02-23,0.0,0.0,0.0,1.0321656111632016
2018-03-02,0.03221267433041894,0.03346267433041894,1.0,1.0654144258506597
2018-03-09,0.0,0.0,0.0,1.0654144258506597
2018-03-16,-0.06572630662327872,-0.06447630662327872,7.0,0.9953886706163348
2018-03-23,-0.003187496080963752,-0.0029791627476304186,6.0,0.9922158731297095
2018-04-06,0.024385154558168406,0.024801821224835072,9.0,1.0164112105510454
2018-04-13,0.00793108728810974,0.00893108728810974,5.0,1.0244724565825392
2018-04-20,0.0020941755881612777,0.007094175588161278,1.0,1.026617881791858
2018-04-27,-0.0014346859296266025,-0.0008096859296266024,2.0,1.0251450075617483
2018-05-04,0.02107274100569315,0.02482274100569315,1.0,1.0467476227993764
2018-05-11,-0.007754879893890213,-0.006921546560556879,3.0,1.0386302207053522
2018-05-18,0.006005137242627597,0.006005137242627597,3.0,1.0448673377250284
2018-05-25,0.024486154921802675,0.026986154921802674,1.0,1.070452121229295
2018-06-01,0.01483636184782661,0.01593011184782661,8.0,1.0863337362406265
2018-06-08,0.002515342623553889,0.0033486759568872224,6.0,1.089066237790797
2018-06-15,-0.011392573832348304,-0.010767573832348304,4.0,1.0766589702684475
2018-06-22,-0.024683078422567197,-0.020933078422567197,1.0,1.050083712470951
2018-06-29,0.026378056509510087,0.02747180650951009,8.0,1.077782879978226
2018-07-06,0.018799472024707952,0.019216138691374618,6.0,1.098044629079086
2018-07-13,0.005740733167799034,0.005990733167799034,5.0,1.1043482103009639
2018-07-20,0.0019248598032774056,0.0037998598032774056,2.0,1.1064739257797935
2018-07-27,-0.0005820830247321526,0.0002512503086011808,6.0,1.1058298660902883
2018-08-03,-0.004052105094363273,-0.003802105094363273,5.0,1.1013489272564048
2018-08-10,0.008225773609382592,0.008225773609382592,5.0,1.1104083741969524
2018-08-17,0.005695434670738945,0.006528768004072279,3.0,1.1167326325500326
2018-08-24,0.0,0.0,0.0,1.1167326325500326
2018-08-31,-0.01269753614048431,-0.011447536140484311,7.0,1.1025528795889705
2018-09-07,0.013371719209802489,0.013728862066945346,7.0,1.1172959071087933
2018-09-14,0.00615508042329373,0.01053008042329373,2.0,1.1241729532736648
2018-09-21,0.0,0.0,0.0,1.1241729532736648
2018-09-28,0.0,0.0,0.0,1.1241729532736648
2018-10-05,-0.055163761853186305,-0.053913761853186304,1.0,1.0621593441974833
2018-10-12,-0.0065558122072097245,-0.005444701096098613,9.0,1.0551960270027916
2018-10-19,-0.04286801466562587,-0.04286801466562587,9.0,1.0099618682421259
2018-10-26,0.02530277757973219,0.02530277757973219,9.0,1.035516708758267
2018-11-02,0.02003690061211041,0.02019315061211041,8.0,1.0562652541338362
2018-11-09,-0.019358346182337942,-0.01810834618233794,5.0,1.0358177056839384
2018-11-16,-0.026374564494273393,-0.025593314494273392,8.0,1.008498464801067
2018-11-23,0.051361922275754965,0.051500811164643855,9.0,1.0602968845653975
2018-11-30,-0.0487855608998843,-0.0487855608998843,9.0,1.0085697063314747
2018-12-07,-0.014844373834686977,-0.014844373834686977,9.0,0.9935981205723499
2018-12-14,-0.07300459357104573,-0.07300459357104573,9.0,0.9210608936070106
2018-12-21,0.04206159610626416,0.04206159610626416,9.0,0.9598021849031835
2018-12-28,0.031268673502231614,0.031268673502231614,9.0,0.9898139260496497
2019-01-04,0.02760459004873619,0.02776084004873619,8.0,1.0171373337027805
2019-01-11,0.03191291009837889,0.03205179898726778,9.0,1.0495971459909421
2019-01-18,-0.010810850082646128,-0.01045370722550327,7.0,1.0382501085984608
2019-01-25,0.01528065798973757,0.01543690798973757,8.0,1.0541152534157616
2019-02-01,-0.005089208148560666,-0.004672541481893999,6.0,1.0487506414785561
2019-02-08,0.03038538897331045,0.030802055639977115,9.0,1.080617337655891
2019-02-15,0.008259503096729966,0.008616645953872824,7.0,1.08954269990264
2019-02-22,0.005028808664833472,0.005185058664833472,8.0,1.0950218016726165
2019-03-01,-0.029268304909132244,-0.02718497157579891,3.0,1.0629723696991151
2019-03-08,0.02795486615878496,0.02878819949211829,9.0,1.0926876200245403
2019-03-15,-0.0030305988787571576,-0.0026734560216143005,7.0,1.0893761221484621
2019-03-22,0.013513390913900613,0.014227676628186327,7.0,1.1040972875393236
2019-03-29,0.020440387645300883,0.020940387645300883,5.0,1.1266654640947527
2019-04-05,-0.012663908922725446,-0.0051639089227254464,1.0,1.1123974752710766
2019-04-12,-0.005343723525442503,-0.004718723525442503,2.0,1.1064531307128276
2019-04-26,-0.003909178798779285,-0.0018258454654459522,3.0,1.1021278075924021
2019-05-03,-0.01793902726664092,-0.01700152726664092,4.0,1.082356706800679
2019-05-10,-0.01164958396919316,-0.010955139524748716,9.0,1.069747701460185
2019-05-17,-0.014097189172292881,-0.014097189172292881,9.0,1.0546672657460754
2019-05-24,-0.03099275369571149,-0.03083650369571149,8.0,1.0219802229478778
2019-05-31,0.04614189159832575,0.04628078048721464,9.0,1.0691363236107716
2019-06-07,0.004469513183917368,0.004469513183917368,9.0,1.073914842504555
2019-06-14,0.026988667165105167,0.027345810022248025,7.0,1.1028983727525767
2019-06-21,-0.001679879290579759,-0.0014021015128019812,9.0,1.1010456366165755
2019-06-28,0.00892940128304086,0.00892940128304086,9.0,1.110877314936866
2019-07-05,0.010502250408637281,0.010502250408637281,9.0,1.1225440266716076
2019-07-12,-0.012320869303815433,-0.012164619303815433,8.0,1.108713308431208
2019-07-19,0.012524392051449604,0.012663280940338492,9.0,1.12259926857866
2019-07-26,-0.03635802634989452,-0.03620177634989452,8.0,1.0817837747913048
2019-08-02,-0.006602616947649918,-0.006463728058761029,9.0,1.074641170906175
2019-08-09,-0.014783650453429997,-0.014783650453429997,9.0,1.0587540514726332
2019-08-16,-0.013685399416316833,-0.013685399416316833,9.0,1.0442645793945866
2019-08-23,0.02882813351362053,0.02882813351362053,9.0,1.0743687781129185
2019-08-30,0.023145424858050365,0.023145424858050365,9.0,1.0992354999365663
2019-09-06,0.014987350620630982,0.014987350620630982,9.0,1.1157101277887602
2019-09-13,0.0,0.0,0.0,1.1157101277887602
2019-09-20,-0.0060458053043000535,-0.004795805304300053,3.0,1.1089647615801137
2019-09-27,-0.008705204775230901,-0.007871871441897568,9.0,1.0993109962420435
2019-10-04,0.009082326940539799,0.009082326940539799,9.0,1.1092952981192443
2019-10-11,0.000601369869042113,0.001601369869042113,5.0,1.1099623948874033
2019-10-18,0.03866157413045735,0.04366157413045735,1.0,1.1528752882993627
2019-10-25,0.0,0.0,0.0,1.1528752882993627
2019-11-01,0.0,0.0,0.0,1.1528752882993627
2019-11-08,0.007098781262293547,0.008348781262293548,1.0,1.1610592977937035
2019-11-15,-0.0053749120844985105,-0.0042811620844985104,8.0,1.154818706143173
2019-11-22,-0.004449669957941087,-0.0036996699579410876,5.0,1.1496801440395794
2019-11-29,0.0012397990151920783,0.0017397990151920783,5.0,1.1511055163499455
2019-12-06,0.009960499535903555,0.010317642393046413,7.0,1.1625711023113252
2019-12-13,0.011798791742957506,0.013465458409624173,3.0,1.1762880366338773
2019-12-20,0.0,0.0,0.0,1.1762880366338773
2019-12-27,-0.006591012561607739,-0.005341012561607739,2.0,1.1685351074083545
2020-01-03,0.0029551882522324303,0.00670518825223243,1.0,1.171988348630089
2020-01-10,0.0,0.0,0.0,1.171988348630089
2020-01-17,-0.035566269879713244,-0.03431626987971324,7.0,1.1303050947268318
2020-01-24,-0.024906040313374046,-0.02462826253559627,9.0,1.1021536704711532
2020-01-31,0.03247030704532768,0.03247030704532768,9.0,1.1379409385624863
2020-02-07,0.015586788345413542,0.015586788345413542,9.0,1.155677783121441
2020-02-14,-0.05218963660903175,-0.05118963660903175,5.0,1.0953633795832016
2020-02-21,-0.12185526319281113,-0.12129970763725557,9.0,0.9618875866723234
2020-02-28,-0.00358725839474821,-0.00358725839474821,9.0,0.9584370473522291
2020-03-06,-0.10806554911392223,-0.10806554911392223,9.0,0.8548630215389842
2020-03-13,-0.1565855430585709,-0.1565855430585709,9.0,0.7210038310706116
2020-03-20,0.1139956284672813,0.1139956284672813,9.0,0.8031951159208236
2020-03-27,-0.018706208219618475,-0.018706208219618475,9.0,0.7881703808414281
2020-04-03,0.060192098279147524,0.060504598279147524,12.0,0.8356120098657485
2020-04-17,-0.010416492679876946,-0.00999982601321028,9.0,0.8269078634817646
2020-04-24,0.0035503743359357586,0.0035503743359357586,9.0,0.8298436959384538
2020-05-01,0.03894191268942082,0.03894191268942082,9.0,0.8621593966915553
2020-05-08,-0.028669781127639824,-0.028669781127639824,9.0,0.8374414754912703
2020-05-15,0.03917471118405339,0.03917471118405339,9.0,0.8702480034271884
2020-05-22,0.03737326814552327,0.03737326814552327,9.0,0.902772015412379
2020-05-29,0.04137726647832511,0.04200226647832511,10.0,0.9401262536632716
2020-06-05,0.011698974158688107,0.013573974158688107,4.0,0.9511247664107826
2020-06-12,0.007377877365566502,0.008173331911021047,11.0,0.9581420482967146
2020-06-19,-0.020403524147932735,-0.020028524147932734,10.0,0.9385925738771428
2020-06-26,0.038970751117421494,0.03938741778408816,9.0,0.975170231474369
2020-07-10,0.02876172760061677,0.029118870457759627,7.0,1.0032178120362651
2020-07-17,-0.00046710862516745463,-0.00018933084738967685,9.0,1.0027492003433414
2020-07-24,0.0077804581031604885,0.0077804581031604885,9.0,1.0105510484845903
2020-07-31,0.028987055544437194,0.028987055544437194,9.0,1.0398439478575023
2020-08-07,0.014305399699668288,0.014305399699668288,9.0,1.054719331156885
2020-08-14,-0.0008107792122250915,-0.0008107792122250915,9.0,1.053864186648451
2020-08-21,0.02249409849518049,0.024056598495180492,4.0,1.0775699114634645
2020-08-28,0.0037294255874651284,0.005604425587465128,4.0,1.081588628263559
2020-09-04,-0.0033681467095766633,-0.0029514800429099966,6.0,1.0779456790841575
2020-09-11,0.0048004273771046985,0.0057379273771046985,8.0,1.0831202790330647
2020-09-18,-0.011375053589172561,-0.01043755358917256,8.0,1.0707997278155441
2020-09-25,0.012339727235753498,0.012756393902420164,9.0,1.084013104380907
2020-10-02,0.030312392052285256,0.030590169830063033,9.0,1.1168721345907158
2020-10-09,-0.010693584574902357,-0.007881084574902358,4.0,1.1049287679601183
2020-10-16,0.0025885365011874832,0.0032135365011874834,8.0,1.1077889164071952
2020-10-23,-0.029202412055319767,-0.028889912055319766,8.0,1.0754388079999562
2020-10-30,0.0666880845129947,0.06738252895743914,9.0,1.1471577621164115
2020-11-06,0.042454260690028806,0.042454260690028806,9.0,1.1958594968018919
2020-11-13,0.0009894431490121115,0.0011456931490121114,8.0,1.1970427317881835
2020-11-20,0.02036113044929269,0.020777797115959357,6.0,1.2214158750035005
2020-11-27,0.023036762016804088,0.02366176201680409,4.0,1.2495533418395026
2020-12-04,-0.009309593404545527,-0.008684593404545526,4.0,1.2379205082896858
2020-12-11,6.810832683637599e-05,0.0018181083268363762,5.0,1.2380048209842618
2020-12-18,-0.010272431911753921,-0.009439098578420587,3.0,1.2252875007542778
2021-01-08,-0.010841493846878,-0.008841493846878,5.0,1.2120035538541938
2021-01-15,0.04366942860281104,0.05116942860281104,1.0,1.2649310565155827
2021-01-22,0.03082829355588113,0.032494960222547796,3.0,1.303926722453796
2021-01-29,0.056303219892135596,0.0581782198921356,6.0,1.3773419954313437
2021-02-05,0.021219339810668265,0.021969339810668266,5.0,1.4065682832679054
2021-02-12,0.02430460534005598,0.02867960534005598,2.0,1.440754370276572
2021-02-19,0.02322549694477047,0.02447549694477047,1.0,1.4742166065015951
2021-02-26,-0.01056528780651412,-0.009065287806514121,5.0,1.4586410837647632
2021-03-05,0.03146512460974634,0.031822267466889195,7.0,1.504537407226317
2021-03-12,-0.008795418889353084,-0.007857918889353083,4.0,1.4913043704950601
2021-03-19,0.022723608773732674,0.028973608773732673,1.0,1.5251921875727474
2021-03-26,-0.026175051006078864,-0.026175051006078864,1.0,1.4852702042689578
2021-04-09,0.013801283091105421,0.01536378309110542,4.0,1.5057688388248576
2021-04-16,0.0,0.0,0.0,1.5057688388248576
2021-04-23,0.004418394648421906,0.005668394648421907,8.0,1.5124219198040818
2021-04-30,0.017047417784559798,0.017583132070274083,7.0,1.5382048081375082
2021-05-07,-0.01767042913730342,-0.017462095803970085,6.0,1.511024069076655
2021-05-14,-0.010476319638346247,-0.009226319638346248,6.0,1.4951940979477734
2021-05-21,0.008887451354593033,0.009423165640307318,7.0,1.5084825627589589
2021-05-28,0.0077923687742119975,0.008070146551989775,9.0,1.5202372151774453
2021-06-04,0.001335579762507397,0.001335579762507397,9.0,1.522267613236247
2021-06-11,-0.02378979639392704,-0.02378979639392704,9.0,1.4860531766602874
2021-06-18,0.03476572326875776,0.03476572326875776,9.0,1.5377168901627172
2021-06-25,0.0039015787181313055,0.0049015787181313055,5.0,1.5437164136558872
2021-07-02,-0.016425405574995097,-0.014550405574995096,2.0,1.5183602454688123
2021-07-09,-0.023233795168428956,-0.022400461835095625,6.0,1.4830829745337044
2021-07-16,0.01711204079675787,0.017528707463424536,9.0,1.508461550898902
2021-07-23,-0.003794957900686808,-0.003638707900686808,8.0,1.502737002818436
2021-07-30,0.011463171944952876,0.011641743373524305,7.0,1.519963135469787
2021-08-06,0.004639681805819362,0.005139681805819363,5.0,1.5270152807749422
2021-08-13,-0.016950815560433576,-0.015388315560433574,4.0,1.5011311263925624
2021-08-20,0.026589402372245344,0.027214402372245344,8.0,1.541045305925716
2021-08-27,-0.003950961051348742,-0.003534294384682076,6.0,1.5349566959436398
2021-09-03,-0.00813662495583726,-0.007958053527265831,7.0,1.5224673289852952
2021-09-10,0.002933471287685214,0.0032906141448280713,7.0,1.5269334431813124
2021-09-17,0.010572209825914664,0.010849987603692442,9.0,1.5430765039328316
2021-09-24,-0.01348063639128315,-0.01348063639128315,9.0,1.5222748506593806
2021-10-01,0.013857978219180013,0.013857978219180013,9.0,1.5433705023834239
2021-10-08,0.01865837678699039,0.01881462678699039,8.0,1.5721672907388204
2021-10-15,0.011673814162335846,0.013757147495669178,3.0,1.5905204795230083
2021-10-22,0.01772929651275135,0.01835429651275135,6.0,1.618719288714075
2021-10-29,0.021849563999755926,0.022162063999755927,8.0,1.654087599410473
2021-11-05,-0.004682587112270792,-0.004265920445604125,6.0,1.6463421901349065
2021-11-12,0.0031309184491138957,0.003755918449113896,8.0,1.6514967532715545
2021-11-19,-0.011241507443604082,-0.011241507443604082,8.0,1.6329314402265644
2021-11-26,-0.0121600481418608,-0.0118475481418608,8.0,1.6130749153010513
2021-12-03,0.03666703274845667,0.03680592163734556,9.0,1.672221586046109
2021-12-10,-0.02457265335447488,-0.02457265335447488,9.0,1.6311306646803276
2021-12-17,0.03778642381849465,0.03778642381849465,9.0,1.6927652592792812
2021-12-31,-0.012779988900340924,-0.002779988900340924,1.0,1.6711317380548092
2022-01-07,0.01983537774592721,0.021710377745927212,2.0,1.7042792673423344
2022-01-14,-0.04126773143506021,-0.03751773143506021,1.0,1.6339475282473097
2022-01-21,0.0056316486771369806,0.006673315343803647,6.0,1.643149346683275
2022-01-28,0.017557358678239675,0.017869858678239675,8.0,1.6719987091249082
2022-02-04,-0.01658250785253869,-0.01658250785253869,8.0,1.6442727774014099
2022-02-11,-0.019654094554462393,-0.019118380268748108,7.0,1.611956084761034
2022-02-18,0.007158679414916849,0.007436457192694627,9.0,1.6234955616027626
2022-02-25,-0.003998389826894945,-0.003998389826894945,9.0,1.617004193465241
2022-03-04,-0.022669588401190797,-0.022669588401190797,9.0,1.5803473739563845
2022-03-11,0.0568872480870056,0.0568872480870056,9.0,1.670248987082289
2022-03-18,0.020105547389181466,0.020105547389181466,9.0,1.7038302572438044
2022-03-25,-0.0042594099451368,-0.0042594099451368,9.0,1.696572945701275
2022-04-01,-0.00948070272121082,-0.00948070272121082,9.0,1.6804882419582323
2022-04-08,-0.017337685869504436,-0.016980543012361578,7.0,1.6513524647117648
2022-04-22,-0.044838520478631065,-0.037338520478631065,1.0,1.5773082634053486
2022-04-29,0.005426224939745835,0.006537336050856947,9.0,1.5858670928419059
2022-05-06,-0.029460213468183147,-0.028835213468183147,6.0,1.5391471097546163
2022-05-13,-0.028029632902191966,-0.0276129662355253,9.0,1.4960053812857246
2022-05-20,0.07039269853271803,0.07039269853271803,9.0,1.6013132370938947
2022-05-27,-0.016753989280144637,-0.012378989280144637,2.0,1.57448485228547
2022-06-03,0.0,0.0,0.0,1.57448485228547
2022-06-10,-0.06622021958790401,-0.06497021958790401,9.0,1.4702221196292975
2022-06-17,0.05630270725465598,0.05630270725465598,9.0,1.5529996052301056
2022-06-24,-0.019532598700778787,-0.019532598700778787,9.0,1.522665487158678
2022-07-01,0.004823611054241623,0.004823611054241623,9.0,1.530010233234449
2022-07-08,-0.010675968298589375,-0.010675968298589375,9.0,1.5136758924879206
2022-07-15,0.03250664703913039,0.03250664703913039,9.0,1.5628804204566662
2022-07-22,0.04770670022026932,0.04770670022026932,9.0,1.6374402881555208
2022-07-29,-0.0023231248847617675,-0.0023231248847617675,9.0,1.6336363098747952
2022-08-05,0.030555623162737324,0.031180623162737325,6.0,1.6835530853442942
2022-08-12,0.0,0.0,0.0,1.6835530853442942
2022-08-19,-0.02461922491549895,-0.02336922491549895,4.0,1.6421053132790209
2022-08-26,-0.03288065492866051,-0.03218621048421607,9.0,1.5881118151165734
2022-09-02,0.04740238266891988,0.04740238266891988,9.0,1.663392099097762
2022-09-09,-0.06786599425052874,-0.05786599425052874,1.0,1.5505043404640184
2022-09-16,-0.04961550236679516,-0.04854407379536659,7.0,1.4735752886899998
2022-09-23,-0.022438097295950383,-0.022281847295950383,8.0,1.4405110629894653
2022-09-30,0.01666715153722385,0.01741715153722385,5.0,1.4645202791673582
2022-10-07,0.0,0.0,0.0,1.4645202791673582
2022-10-14,-0.046826482860366864,-0.04557648286036686,1.0,1.3959419454162683
2022-10-21,-0.03812336031366305,-0.03729002698032972,3.0,1.342723947654208
2022-10-28,0.035880596660310404,0.035880596660310404,3.0,1.3909016840461286
2022-11-04,-0.043202910614300205,-0.0407029106143002,1.0,1.330810682917004
2022-11-11,0.002465012044481005,0.0030900120444810053,2.0,1.3340911472793184
2022-11-18,-0.00042436920172223003,-0.00042436920172223003,2.0,1.3335250000841228
2022-11-25,-0.011943080086060718,-0.011526413419394052,3.0,1.3175986042113539
2022-12-02,-0.04714965156542794,-0.04514965156542794,5.0,1.2554742891196944
2022-12-09,-0.01861343274778272,-0.018057877192227165,9.0,1.2321056028725947
2022-12-16,-0.010939313566025169,-0.0009393135660251684,1.0,1.218627213336315
2022-12-23,-0.0014660619921374263,0.00020060467452924038,3.0,1.2168406302962582
2022-12-30,-0.0033052563646975906,-0.0029927563646975908,4.0,1.212818660058149
2023-01-06,0.0,0.0,0.0,1.212818660058149
2023-01-13,0.00639824678725895,0.00764824678725895,2.0,1.2205785731533938
2023-01-20,0.0,0.0,0.0,1.2205785731533938
2023-01-27,0.0,0.0,0.0,1.2205785731533938
2023-02-03,0.0,0.0,0.0,1.2205785731533938
2023-02-10,-0.0015052889784492307,-0.0002552889784492307,2.0,1.2187412496798946
2023-02-17,0.0,0.0,0.0,1.2187412496798946
2023-02-24,0.0,0.0,0.0,1.2187412496798946
2023-03-03,0.042772490641998145,0.04402249064199815,3.0,1.270869848376845
2023-03-10,0.0,0.0,0.0,1.270869848376845
2023-03-17,0.0,0.0,0.0,1.270869848376845
2023-03-24,0.037796782251096256,0.03904678225109626,9.0,1.3189046393054285
2023-03-31,0.01598901144157836,0.018176511441578364,4.0,1.3399926206736337
2023-04-14,-0.010488425330777843,-0.009238425330777844,2.0,1.325938208127905
2023-04-21,0.0,0.0,0.0,1.325938208127905
2023-04-28,0.0,0.0,0.0,1.325938208127905
2023-05-05,0.0,0.0,0.0,1.325938208127905
2023-05-12,0.0,0.0,0.0,1.325938208127905
2023-05-19,-0.03458335380908953,-0.03333335380908953,1.0,1.2800828179472274
2023-05-26,-0.01681091181247958,-0.01618591181247958,2.0,1.2585634585820462
2023-06-02,-0.0014687304814147981,-0.0010520638147481314,3.0,1.256714968067632
2023-06-09,-0.023336914965369677,-0.023336914965369677,3.0,1.2273871177221303
2023-06-16,0.02270496950519818,0.02270496950519818,3.0,1.2552549048010844
2023-06-23,-0.01923002595209479,-0.01860502595209479,2.0,1.2311163204052653
2023-06-30,0.01060174108331886,0.011018407749985526,3.0,1.2441682968776502
2023-07-07,-0.025151451876421427,-0.025151451876421427,3.0,1.2128756578325628
2023-07-14,0.001668079753332261,0.002293079753332261,2.0,1.2148988311607027
2023-07-21,-0.010028439027023021,-0.008778439027023022,1.0,1.2027152923084061
2023-07-28,0.028186082236661844,0.028811082236661845,2.0,1.2366151244447015
2023-08-04,0.016660513151682495,0.017410513151682495,5.0,1.257217766989082
2023-08-11,-0.0006011046646473003,-0.00024396180750444314,7.0,1.2564620475248676
2023-08-18,0.0038655550203689692,0.005532221687035636,3.0,1.2613189707005805
2023-08-25,-0.025123935362395707,-0.024290602029062375,3.0,1.2296296744093358
2023-09-01,-0.006476149246148402,-0.004809482579481735,3.0,1.2216664091203682
2023-09-08,-0.0024068837822625168,-0.0017818837822625166,6.0,1.2187260000529214
2023-09-15,-0.02441912709396296,-0.02316912709396296,4.0,1.188965774964912
2023-09-22,0.0056812692379757685,0.007764602571309102,3.0,1.1957206096472262
2023-09-29,0.0014003967080499801,0.00390039670804998,1.0,1.1973950928527237
2023-10-06,-0.0018220954486322717,-0.0002595954486322716,4.0,1.1952133247038221
2023-10-13,-0.03156249686654286,-0.027812496866542857,1.0,1.1574894078880074
2023-10-20,0.021140480123975573,0.02364048012397557,1.0,1.1819592897091762
2023-10-27,0.019344794549557173,0.02038646121622384,6.0,1.2048240493345406
2023-11-03,-0.0036323188154127445,-0.0029378743709683,9.0,1.200447744270881
2023-11-10,0.02431611917335668,0.02574469060192811,7.0,1.229637974681959
2023-11-17,-0.0010134958119761236,0.003153170854690542,3.0,1.2283917417443722
2023-11-24,0.009409619369282156,0.011284619369282156,2.0,1.2399504404705561
2023-12-01,0.0030113247660727045,0.004261324766072705,5.0,1.243684333940648
2023-12-08,0.028386847545636976,0.029011847545636977,6.0,1.2789886115231184
2023-12-15,0.0037674178388631273,0.004392417838863127,4.0,1.2838070960338734
2023-12-22,0.0,0.0,0.0,1.2838070960338734
2023-12-29,0.0,0.0,0.0,1.2838070960338734
2024-01-05,-0.019229569368883176,-0.017979569368883175,4.0,1.2591200384244257
2024-01-12,0.001673141648385794,0.003548141648385794,4.0,1.2612267246010307
2024-01-19,0.0051352600558241595,0.00638526005582416,5.0,1.2677034518212122
2024-01-26,-0.011465053079725847,-0.011152553079725847,4.0,1.2531691644567302
2024-02-02,-0.010288601897336795,-0.009871935230670129,3.0,1.2402758058136167
2024-02-09,0.008529204676973823,0.008529204676973823,3.0,1.2508543720172998
2024-02-16,-0.011914742821050131,-0.011914742821050131,3.0,1.2359507638681275
2024-02-23,-0.009209166202794106,-0.009209166202794106,3.0,1.2245686878651956
2024-03-01,0.0034257227351783873,0.0040507227351783874,6.0,1.2287637206600028
2024-03-08,0.008102465153335058,0.009977465153335058,4.0,1.2387197358883328
2024-03-15,0.02362203134559075,0.024157745631305034,7.0,1.267980812317889
2024-03-22,0.007553855344693263,0.008553855344693263,5.0,1.277558955953985
2024-04-05,-0.006811598878044341,-0.0060973131637586265,7.0,1.2688567368029733
2024-04-12,-0.027653007660333677,-0.026194674327000345,6.0,1.2337690317402947
2024-04-19,0.02053797384892776,0.021232418293372204,9.0,1.2591081478497939
2024-04-26,-0.004763353100977712,-0.0014300197676443787,3.0,1.2531105711492672
2024-05-03,0.012469991470867655,0.014136658137534322,3.0,1.2687368492835527
2024-05-10,0.02043008841731233,0.02199258841731233,4.0,1.2946572552927178
2024-05-17,0.0,0.0,0.0,1.2946572552927178
2024-05-24,-0.00938167068198764,-0.00813167068198764,4.0,1.2825112072775156
2024-05-31,0.014652481123166538,0.015069147789833204,6.0,1.301303178532399
2024-06-07,0.015888663053120006,0.01630532971978667,6.0,1.3219791462660544
2024-06-14,-0.007017922821921712,-0.003267922821921713,3.0,1.3127015986453692
2024-06-21,0.0019003408914855708,0.0019003408914855708,3.0,1.3151961791715934
2024-06-28,0.007250356370394508,0.008917023037061175,3.0,1.3247318201675686
2024-07-05,0.002091212314564569,0.0029245456478979026,3.0,1.3275021156633988
2024-07-12,-0.006742728397509534,-0.005180228397509534,4.0,1.3185511294503611
2024-07-19,0.0,0.0,0.0,1.3185511294503611
2024-07-26,0.0,0.0,0.0,1.3185511294503611
2024-08-02,-0.006235689232662849,-0.004985689232662849,1.0,1.3103290543697321
2024-08-09,0.016769014263724406,0.019269014263724404,1.0,1.3323019809726306
2024-08-16,0.01687718891966772,0.01687718891966772,1.0,1.3547874932035533
2024-08-23,0.0022830894078055284,0.003949756074472195,3.0,1.3578805941791139
2024-08-30,-0.036859185542693226,-0.035817518876026556,6.0,1.3078302214134434
2024-09-06,0.03438737863189261,0.03480404529855928,9.0,1.3528030744234194
2024-09-13,0.017144586805347434,0.017144586805347434,9.0,1.3759963241634126
2024-09-20,0.006776646346235229,0.006932896346235229,8.0,1.3853209646259879
2024-09-27,0.00934614322606745,0.009658643226067451,8.0,1.3982683727754563
2024-10-04,0.004146690585340901,0.004896690585340901,5.0,1.4040665590726242
2024-10-11,0.0021091522503663435,0.00377581891703301,3.0,1.4070279492153566
2024-10-18,-0.013617787565850753,-0.01278445423251742,9.0,1.3878673415037273
2024-10-25,0.0,0.0,0.0,1.3878673415037273
2024-11-01,0.0,0.0,0.0,1.3878673415037273
2024-11-08,0.009203208824320326,0.010453208824320326,1.0,1.4006401744680403
2024-11-15,0.019357009784408043,0.020468120895519155,9.0,1.4277523800296532
2024-11-22,0.02007148721954934,0.02444648721954934,2.0,1.4564094936780996
2024-11-29,0.0014713304192672627,0.002304663752600596,6.0,1.4585523532690579
2024-12-06,-0.013746582293915163,-0.013121582293915163,8.0,1.438502243314861
2024-12-13,-0.018968902141003864,-0.018135568807670532,6.0,1.411215435031807
2024-12-20,-0.0025299610341135968,-0.0007799610341135965,5.0,1.4076451149704368
2024-12-27,0.004008497605350568,0.004320997605350568,4.0,1.413287657042979
2025-01-03,0.019115614316970352,0.021198947650303685,3.0,1.4403035188139475
2025-01-10,-0.030628767877294235,-0.029795434543960903,3.0,1.396188796663345
2025-01-17,0.0,0.0,0.0,1.396188796663345
2025-01-24,-0.012016840062660057,-0.010766840062660057,8.0,1.3794110191965638
2025-01-31,-0.003950732667564665,-0.0032007326675646654,5.0,1.3739613350210254
2025-02-07,0.008097053656052488,0.008097053656052488,5.0,1.3850863736720322
2025-02-14,-0.015041473655709132,-0.014327187941423418,7.0,1.3642526334715626
2025-02-21,-0.003360914644469063,-0.0030831368666912854,9.0,1.3596674968169724
2025-02-28,-0.030605553787222333,-0.030605553787222333,9.0,1.3180541201104026
2025-03-07,-0.020017550760384202,-0.020017550760384202,9.0,1.291669904856159
2025-03-14,0.010425748923407592,0.010425748923407592,9.0,1.3051365309761112
2025-03-21,-0.010943763330666613,-0.010943763330666613,9.0,1.2908534256669013
2025-03-28,-0.10009003296721178,-0.09993378296721178,8.0,1.1616518637360629
2025-04-04,0.054597028026577975,0.054909528026577975,8.0,1.2250746030975872
2025-04-11,-0.03615235386145873,-0.03583985386145873,8.0,1.180785272539717
2025-04-25,0.0254186430644704,0.02555753195335929,9.0,1.2107992319181875
2025-05-02,-0.0023840340388561814,-0.0023840340388561814,9.0,1.2079126453350735
2025-05-09,0.04918691798656563,0.04918691798656563,9.0,1.2673261455561053
2025-05-16,-0.022491775494757418,-0.022366775494757418,10.0,1.2388217304116211
2025-05-23,0.018769576653666825,0.018908465542555715,9.0,1.2620738898408104
2025-05-30,0.014701624046223598,0.014701624046223598,9.0,1.280628425687805
2025-06-06,-0.006311038349720067,-0.006154788349720067,8.0,1.2725463305815479
2025-06-13,-0.007396751545403519,-0.005521751545403519,4.0,1.2631336215442213
2025-06-20,0.0,0.0,0.0,1.2631336215442213
2025-06-27,0.008551816431007934,0.009801816431007934,9.0,1.2739357084035017
2025-07-11,-0.013297836916567827,-0.009964503583234493,3.0,1.2569951191109596
2025-07-18,0.02330678359186518,0.02518178359186518,2.0,1.2862916323281095
2025-07-25,-0.032155210335439166,-0.031321877002105834,6.0,1.2449306543378837
2025-08-01,0.019280838801558127,0.019530838801558127,5.0,1.2689339616032909
2025-08-08,0.013796729303758517,0.014153872160901375,7.0,1.2864410999758773
2025-08-15,0.009594431224609627,0.010063181224609627,8.0,1.298783770634107
2025-08-22,0.0013487911617067238,0.0018845054474210096,7.0,1.3005355587049063
2025-08-29,0.0008681788214208129,0.0010765121547541463,6.0,1.3016646561334786
2025-09-05,0.011235158983725478,0.011547658983725478,8.0,1.3162890654886346
2025-09-12,0.01071548738655286,0.010854376275441748,9.0,1.3303937443669356
2025-09-19,0.0025842645700295324,0.0025842645700295324,9.0,1.333831833784692
2025-09-26,0.010293569618425005,0.010293569618425005,9.0,1.3475617246250262
2025-10-03,-0.028100521424831795,-0.028100521424831795,9.0,1.3096945375109175
2025-10-10,0.013829095846696584,0.013985345846696584,8.0,1.327806428800051
2025-10-17,0.02097152820907028,0.02111041709795917,9.0,1.3556525587778163
2025-10-24,0.004787681591044269,0.004787681591044269,9.0,1.362142991577329
2025-10-31,0.0,0.0,0.0,1.362142991577329
2025-11-07,0.0,0.0,0.0,1.362142991577329
2025-11-14,0.0,0.0,0.0,1.362142991577329
2025-11-21,0.031367569671196464,0.032617569671196465,5.0,1.404870106767763
2025-11-28,0.003526344969454008,0.003995094969454008,8.0,1.4098241634014999
2025-12-05,0.003149857042138624,0.0033284284707100526,7.0,1.4142649079707672
2025-12-12,-0.0028877511904956722,-0.002731501190495672,8.0,1.4101808627990984
2025-12-19,0.008912959001726575,0.008912959001726575,8.0,1.422749747014246
2025-12-26,0.004904808409189347,0.005043697298078236,9.0,1.4297280619375736
2026-01-02,0.02212043567682594,0.02212043567682594,9.0,1.4613542695670165
2026-01-09,-0.0017168021292498536,-0.0015605521292498536,8.0,1.4588454134454356
2026-01-16,-0.002328016137300795,0.0014219838626992054,2.0,1.4554491977811073
2026-01-23,-0.00269975206251069,-0.0019497520625106901,5.0,1.4515198458075182
2026-01-30,0.006261900265970117,0.00647023359930345,6.0,1.4606091183160412
2026-02-06,-0.013575343387127355,-0.013262843387127354,8.0,1.4407808479805315
2026-02-13,-0.004945428284584233,-0.004945428284584233,8.0,1.4336555696230413
2026-02-20,-0.003534596916897297,-0.002784596916897297,5.0,1.428588175066759
2026-02-27,-0.026141388660190723,-0.025784245803047865,7.0,1.3912428963469865
2026-03-06,0.0,0.0,0.0,1.3912428963469865
2026-03-13,-0.021693449365500467,-0.020443449365500466,1.0,1.361062039019971
2026-03-20,-0.016527896901818554,-0.015486230235151888,6.0,1.33856654596207
2026-03-27,0.037471911441142196,0.037784411441142196,8.0,1.388725193030436
2026-04-10,0.03410635513756062,0.03424524402644951,9.0,1.4360895476524096
2026-04-17,0.002834663345300211,0.002834663345300211,9.0,1.4401603780537087
2026-04-24,0.0016126258852475514,0.0022376258852475515,10.0,1.442482817958266
2026-05-01,0.008970842135242092,0.009220842135242092,10.0,1.4554231036009688
2026-05-08,0.003247530165717793,0.003941974610162238,9.0,1.4601496340337956
2026-05-15,-0.00046875,0.0,8.0,1.4594651888928423
