feature,importance_gain
is_inverse,9058.193118572235
hy_ig_logratio,7731.489525556564
term_spread,6651.528168678284
vix_log,6608.355385303497
oil_z,5577.690269708633
dxy_z,5377.485496759415
vvix_z,4844.362274646759
gold_chg_21d,4531.1431493759155
tlt_z,4285.882708787918
category_code,4096.009250164032
oil_chg_5d,3621.4914927482605
y10_chg_5d,3526.4501999616623
rsi_14,3333.8259539604187
hy_ig_z,3325.0497167110443
y10_z,3120.3213062286377
mom_63d,2459.5497879981995
vol_5d,1886.9523313045502
mom_5d,1838.821959733963
mom_21d,1823.0037324428558
mom_10d,1759.6613295078278
vol_ratio,1643.4359786510468
zscore_20,1571.7317765187472
vix_chg_1d,1475.3241208791733
vol_21d,1424.5851905345917
mom_1d,1152.79046593979
trend_strength,1022.8808076381683
rsi_14_rank,932.9958102703094
mom_63d_rank,854.3616371154785
zscore_20_rank,599.5432081222534
mom_21d_rank,382.9723904132843
vol_5d_rank,172.25433015823364
